synset.id,synset.lemma,lemma,POS,Polarity,Collocates,Similar_DSM_dependency,Cause,Result,Sense_num,Emotion_prob,A_Member_of,HYPO,Emily,Yvonne,Amber,MEAN,SD,SCALE,afverb1,afverb2,afverb3,bfverb1,bfverb2,bfverb3
,,愛,N,pos,"{適足以,克麗絲汀娜,成痴,莫迪尼亞尼,痛徹心扉,坦蕩蕩,怨憎,憎,近人,嘿咻}","{幸福,喜悅,快樂,恨,...}","{談戀愛,緣份,他長得好可愛,萌,帥,正妹,美景,家人,佳人,手足,神,好朋友,吸引力,奇蹟,神蹟,恩典}","{幸福感,活得有意義,結婚,結婚生子,懷孕,信仰,犧牲,救贖,決心,感動,奉獻,捐款,付出,赴湯蹈火,燃燒,珍惜,努力}",6,"{happy:0.80,sad:0.78,……}",,,3,3,3,3,0,1.926068113,"點(VC),黏(VC),鬧(VC)","鼓舞(VC),黑(VH),鹹(VH)","黃(VH),高(VH),體驗(VC)","鼓吹(VE),高喊(VE),高唱(VC)","高(VH),驗證(VE),饒恕(VC)","鼓勵(VF),點(VC),鬧(VC)"
,,愛,V,pos,"{適足以,克麗絲汀娜,成痴,莫迪尼亞尼,痛徹心扉,坦蕩蕩,怨憎,憎,近人,嘿咻}","{幸福,喜悅,快樂,恨,...}","{談戀愛,緣份,他長得好可愛,萌,帥,正妹,美景,家人,佳人,手足,神,好朋友,吸引力,奇蹟,神蹟,恩典}","{幸福感,活得有意義,結婚,結婚生子,懷孕,信仰,犧牲,救贖,決心,感動,奉獻,捐款,付出,赴湯蹈火,燃燒,珍惜,努力}",8,,happiness,,3,3,3,3,0,1.926068113,"點(VC),黏(VC),鬧(VC)","鼓舞(VC),黑(VH),鹹(VH)","黃(VH),高(VH),體驗(VC)","鼓吹(VE),高喊(VE),高唱(VC)","高(VH),驗證(VE),饒恕(VC)","鼓勵(VF),點(VC),鬧(VC)"
,,愛,A,pos,"{適足以,克麗絲汀娜,成痴,莫迪尼亞尼,痛徹心扉,坦蕩蕩,怨憎,憎,近人,嘿咻}","{幸福,喜悅,快樂,恨,...}","{談戀愛,緣份,他長得好可愛,萌,帥,正妹,美景,家人,佳人,手足,神,好朋友,吸引力,奇蹟,神蹟,恩典}","{幸福感,活得有意義,結婚,結婚生子,懷孕,信仰,犧牲,救贖,決心,感動,奉獻,捐款,付出,赴湯蹈火,燃燒,珍惜,努力}",2,,,,3,3,3,3,0,1.926068113,"點(VC),黏(VC),鬧(VC)","鼓舞(VC),黑(VH),鹹(VH)","黃(VH),高(VH),體驗(VC)","鼓吹(VE),高喊(VE),高唱(VC)","高(VH),驗證(VE),饒恕(VC)","鼓勵(VF),點(VC),鬧(VC)"
,,愛_1,N,neu,,,,,1,,,,0,3,3,2,1.732050808,1.464532915,,,,,,
,,快樂,V,pos,"{幸褔,吃出,敬祝,小燕子,新年,敬上,助人,您們,滿足感,祝}",,"{生日,放假,平安,健康}","{幸福,和樂,活的有意義}",1,,,"{愛,幸福,爽,滿足,喜愛,喜歡,愉快,歡喜,期待,嚮往,盼望,欣然,期望,著迷,入迷,想念,懷念,想要,心醉,甜蜜,高興,快活,狂喜,開心,雀躍,喜出望外,歡愉,暢快,歡悅,心曠神怡,愉悅,歡暢,開懷,喜悅,歡欣,心花怒放,驚喜,欣喜,甜美,爽快,舒暢,痛快,快意,豁朗,可喜,舒坦,仰慕,慶幸,眷戀,入神,好受,期求}",3,3,3,3,0,1.926068113,"需要(VK),長(VH),過日子(VA)","高興(VK),驕傲(VH),飄飄欲仙(VH)","鳴唱(VC),餓(VH),順應(VJ)","體驗到(VK),體會(VK),露出(VC)","龐大(VH),高興(VK),飛回(VCL)","鬧(VC),體會到(VK),驕傲(VH)"
,,幸福,V,pos,"{幸福毯,永恒,美滿,拼湊,歸宿,育有,罕亮月吞,不知所措,謀,快樂}",,,,1,,happiness,,3,3,3,3,0,1.926068113,"這樣(VH),追求(VC),說(VE)","願意(VK),關心(VK),長大(VH)","高興(VK),騙(VC),靜靜(VH)","顯得(VK),靠近(VC),露出(VC)","養(VC),飽滿(VH),靜謐(VH)","體驗(VC),養(VC),願(VK)"
,,爽,V,pos,"{爽,喜事,呼,做愛,逢,跑,氣,喝,真,女人}",,,,3,,happiness,,3,3,3,3,0,1.926068113,"迷人(VH),等於(VG),涼(VH)","講(VE),碰上(VC),爽(VH)","麻煩(VHC),這樣(VH),說穿(VC)","酸(VH),送(VD),賺(VC)","高(VH),跑步(VA),調和出(VC)","開(VC),逢(VJ),通(VH)"
,,爽_1,V,neg,,,,,2,,,,-3,3,3,1,3.464101615,1.002997716,,,,,,
,,滿足,V,pos,"{虛榮心,私慾,口腹之慾,好奇心,都市人,較諸,需求,快感,欲望,方程}",,,,2,,happiness,,3,3,3,3,0,1.926068113,"高(VH),領導(VC),重(VH)","麻痺(VH),高高在上(VH),需要(VK)","高亢(VH),高(VH),驕傲(VH)","體會(VK),面對(VC),非(VG)","馬殺雞(VB),露出(VC),難(VH)","高居不下(VH),飽和(VH),飛去(VCL)"
,,喜愛,V,pos,"{饕客,廣受,深受,深得,討,同好,樂迷,年畫,時下,影迷}",,"{看電影,旅行,閱讀,蒐集,看書,自由行,擁抱,交朋友,溝通,游泳,聊天,上網,唱歌,結交,放假,旅遊,出外,煮飯,打球,觀看,走路,喝,看看,吃到,出國,純愛,追憶,高挑,尊敬,電玩,解讀,追逐,拍照,理財,登山,打牌,跑,親近,推廣,探討,外出,爬,體驗,跳舞,觀賞,從事,睡,摸,練,散步,吃,冒險,爬山,拍攝,發現,感謝,習慣,接受,認識}","{支持,成長,累積,專家,興趣,動力,幸福,快樂}",1,,happiness,,3,3,3,3,0,1.926068113,"體驗(VC),露營(VA),開(VC)","難(VH),重視(VJ),配合(VC)","高貴(VH),高大(VH),飲酒(VA)","選擇(VC),適合(VH),遇見(VC)","體諒(VK),養成(VC),飲茶(VA)","鹿死誰手(VH),養(VC),需要(VK)"
,,喜歡,V,pos,"{陰核,劉鏞,松柏,潑辣,口交,褒姒,鱸鰻,謝女,成群結隊,打電動}",,"{看電影,旅行,閱讀,蒐集,看書,自由行,擁抱,交朋友,溝通,游泳,聊天,上網,唱歌,結交,放假,旅遊,出外,煮飯,打球,觀看,走路,喝,看看,吃到,出國,純愛,追憶,高挑,尊敬,電玩,解讀,追逐,拍照,理財,登山,打牌,跑,親近,推廣,探討,外出,爬,體驗,跳舞,觀賞,從事,睡,摸,練,散步,吃,冒險,爬山,拍攝,發現,感謝,習慣,接受,認識}","{支持,成長,累積,專家,興趣,動力,幸福,快樂}",1,,happiness,,3,3,3,3,0,1.926068113,"黑(VH),鳴唱(VC),高深(VH)","黑(VH),黏黏(VH),鹹(VH)","點名(VA),黑(VH),高興(VK)","難(VH),開始(VL),開始(VH)","鼓勵(VF),高張(VH),飛行(VA)","高興(VK),駐足下來(VA),餵奶(VA)"
,,愉快,V,pos,"{姜育恆,勝任,祝,徐若瑄,輕鬆,鬧,充實,心情,時光,度過}",,,,1,,happiness,,3,2,3,2.666666667,0.577350269,1.772223047,"迎向(VC),豐實(VH),討論(VE)","騎(VC),飛(VA),重要(VH)","預防(VE),順利(VH),非(VG)","體驗(VC),顯得(VK),順利(VH)","７-ELEVEVN(Nb),高興(VK),顯得(VK)","鳴奏(VC),鬧(VC),顯得(VK)"
,,歡喜,V,pos,"{滿心,扮,歡喜,發財,歸,伊,自在,團,笑容,戲}",,,,2,,happiness,,3,2,3,2.666666667,0.577350269,1.772223047,"鳴叫(VA),難得(VH),閱讀(VC)","隨喜(VH),還給(VD),讚嘆(VE)","選(VC),造(VC),講(VE)","露出(VC),開出(VC),知(VK)","讀(VC),講述(VE),見(VE)","響起(VH),陪同(VC),開始(VL)"
,,期待,V,pos,"{歡顏,潘忠韋,滿心,殷切,無所事事,辜負,落空,衷心,熱切,康復}",,,,1,,happiness,,2,2,3,2.333333333,0.577350269,1.618377981,"養兒防老(VA),風趣(VH),類似(VG)","鼓舞(VC),高(VH),驚天動地(VH)","高蹈(VH),高人一等(VH),高(VH)","高度(VH),難(VH),錯誤(VH)","高度(VH),高亢(VH),高(VH)","齊(VH),鼓勵(VF),鬥爭(VC)"
,,嚮往,V,pos,"{光棍,嚮往,一心,永恆,不已,無限,東方,幸福,畢業,追求}",,,,1,,happiness,,2,2,3,2.333333333,0.577350269,1.618377981,"高高(VH),那樣(VH),這樣(VH)","追求(VC),身為(VG),贏(VD)","隱居(VA),重大(VH),道(VE)","追求(VC),興起(VC),生(VC)","追求(VC),迫切(VH),讓(VL)","警覺(VH),認為(VE),蔚為(VG)"
,,盼望,V,pos,"{金希文,衷心,真心,盼望,早日,個案,回憶,趕快,各位,深入}",,,,1,,happiness,,2,2,3,2.333333333,0.577350269,1.618377981,"除(VC),讓(VL),見到(VE)","養育(VC),靜候(VJ),酬報(VC)","陪(VC),降臨(VA),長大(VH)","迫切(VH),翹首(VA),繼續(VF)","邁進(VCL),迷失(VJ),說明(VE)","隱忍(VJ),開始(VH),過境(VA)"
,,欣然,V,pos,"{答應,接納,同意,接受,於是,亦,決定,她,才,我們}",,,,1,,happiness,,2,2,3,2.333333333,0.577350269,1.618377981,"面對(VC),赴會(VA),購得(VC)","綻放(VC),答應(VE),敗(VH)","點(VC),讓(VL),緊緊(VH)","覺得(VK),喜出望外(VH)","走過(VCL),聽(VE),死(VH)","關懷(VJ),言(VE),肯定(VK)"
,,欣然,D,pos,"{答應,接納,同意,接受,於是,亦,決定,她,才,我們}",,,,1,,,,2,2,3,2.333333333,0.577350269,1.618377981,"面對(VC),赴會(VA),購得(VC)","綻放(VC),答應(VE),敗(VH)","點(VC),讓(VL),緊緊(VH)","覺得(VK),喜出望外(VH)","走過(VCL),聽(VE),死(VH)","關懷(VJ),言(VE),肯定(VK)"
,,期望,V,pos,"{負向,殷切,辜負,寄予,落空,正向,有朝一日,祖國,全力以赴,期望}",,,,1,,happiness,,1,2,3,2,1,1.464532915,"面臨(VK),露出(VC),開始(VL)","高(VH),顯著(VH),類似(VG)","鼓勵(VF),高速(VH),高(VH)","高(VH),難(VH),閱讀(VC)","高(VH),願意(VK),開發(VC)","雪上加霜(VA),闢(VC),關心(VK)"
,,期望,N,pos,"{負向,殷切,辜負,寄予,落空,正向,有朝一日,祖國,全力以赴,期望}",,,,1,,,,1,2,3,2,1,1.464532915,"面臨(VK),露出(VC),開始(VL)","高(VH),顯著(VH),類似(VG)","鼓勵(VF),高速(VH),高(VH)","高(VH),難(VH),閱讀(VC)","高(VH),願意(VK),開發(VC)","雪上加霜(VA),闢(VC),關心(VK)"
,,著迷,V,pos,"{棋賽,為之,深深,景色,令,愈,對於,精神,相當,…}",,,,1,,happiness,,2,2,3,2.333333333,0.577350269,1.618377981,"所,致,(,V,H,)","進行(VC),興起(VC),成年(VH)","逃難(VA),輟學(VH),興高采烈(VH)","瘋狂(VH),演戲(VA),深深(VH)","驚奇(VK),讓(VL),認同(VJ)","還原成(VG),讓(VL),深深(VH)"
,,入迷,V,pos,"{聽,看,得,對,很,著,我,就,了}",,,,1,,happiness,,2,2,3,2.333333333,0.577350269,1.618377981,,"特別(VH),忘神(VH),仰視(VC)","驚嘆(VE),輟學(VH),說(VE)","駐足(VA),聽得(VE),看(VC)","讀(VC),聽(VE),聽(VC)","開始(VL),看(VE),看(VC)"
,,想念,V,pos,"{想念,家鄉,季節,哥哥,心情,久,您,特別,很,妳}",,,,1,,happiness,,1,2,3,2,1,1.464532915,"過去(VA),走失(VH),溫暖(VHC)","謝謝(VJ),說(VE),紅(VH)","這樣(VH),說(VE),認為(VE)","關心(VK),開始(VL),這樣(VH)","這麼(VH),讓(VL),莫名(VH)","高唱(VC),難過(VK),買到(VC)"
,,懷念,V,pos,"{懷念,蔣經國,便當,尊敬,聯考,不已,不禁,多麼,深深,令}",,,,1,,happiness,,1,0,3,1.333333333,1.527525232,1.156842783,"逝去(VH),這樣(VH),老(VH)","願(VK),造就(VC),這樣(VH)","類似(VG),讓(VL),認為(VE)","離不了(VJ),開始(VL),長存(VH)","颳起(VC),顯示出(VK),領會(VJ)","離去(VA),重溫(VJ),選為(VG)"
,,想要,V,pos,"{蹺家,順從,一心,反擊,想要,給出,早點,急切,找回,爭取到}",,,,2,,happiness,,0,1,2,1,1,1.002997716,"魚目混珠(VA),高舉(VC),高人一等(VH)","黃(VH),高亢(VH),高(VH)","麻煩(VHC),騷擾(VC),飼養(VC)","預期(VE),附上(VC),開始(VL)","齊聚一堂(VA),高興(VK),體會(VK)","麻煩(VHC),鬆弛(VHC),養(VC)"
,,心醉,V,pos,"{令,那,人,我,是,的}",,,,1,,happiness,,2,1,3,2,1,1.464532915,"神迷(VH),不已(VH)","神,馳,(,V,C,L,)","百看不厭(VH),地處(VJ)",,"昇華(VH)[+nom],令(VL)","足,以,(,V,L,)"
,,驚訝,V,neu,"{張量,大為,不已,令,感到,感,好奇,竟然,十分,樣子}",,,,1,,,"{喜出望外,受驚,驚慌,驚嚇,膽戰心驚,驚恐,心驚肉跳,心驚膽顫,驚駭,驚喜}",0,-1,2,0.333333333,1.527525232,0.695307584,"轉變成(VG),覺得(VK),發現(VE)","高興(VK),難過(VK),轉成(VG)","靈活(VH),震撼(VJ),離婚(VA)","頓感(VK),覺得(VK),表示(VE)","高興(VK),顯出(VK),造訪(VC)","面對(VC),阻擋(VC),醒(VA)"
,,甜蜜,V,pos,"{溫馨,時光,回憶,吵,溫暖,愈,男女,感情,感覺,擁有}",,,,1,,happiness,,3,2,3,2.666666667,0.577350269,1.772223047,"負擔(VC),說出(VE),芳香(VH)","讓(VL),說(VE),美好(VH)","讓(VL),見(VE),繁雜(VH)","進入(VCL),處於(VJ),留下(VC)","類似(VG),象徵(VK),變(VG)","迷戀(VJ),說起(VE),記得(VK)"
,,高興,V,pos,"{黃初平,侍女,Vivian,暗暗,極了,邀請到,不得了,請到,萬分,糯米}",,,,1,,happiness,,3,3,3,3,0,1.926068113,"高興(VK),領(VC),邀請到(VC)","鼓舞(VC),點點頭(VA),驚訝(VK)","點頭(VA),鬧哄哄(VH),高興(VK)","高興(VK),露出(VC),這樣(VH)","高(VH),驚訝(VK),馱背(VH)","高興(VK),高昂(VH),開始(VL)"
,,快活,V,pos,"{快活,神仙,得很,哈哈,日子,殺,感到,得,卻,比}",,,,1,,happiness,,3,3,3,3,0,1.926068113,"自省(VE),美麗(VH),爽朗(VH)","逗(VC),跳起來(VA),舒展(VHC)","離開(VC),遊遍(VCL),讓(VL)","飄逸(VH),過(VL),過(VCL)[+spv]","過(VCL),走鏢(VA),讓(VL)","開心(VH),釣魚(VA),過節(VA)"
,,狂喜,V,pos,"{心,沒有,著,中,我,一}",,,,1,,happiness,,3,3,3,3,0,1.926068113,,"飲啜(VC),銷魂(VH),輕輕(VH)","跨下(VC),解出(VC),產生(VHC)","沒有(VJ),有(V_2),住(VCL)","無言(VH),無情(VH),激越(VH)","驚奇(VK),知(VK),戰勝(VC)"
,,開心,V,pos,"{逗,羅漢,大獎,笑,莫過於,大笑,不得了,開心,極了,網友}",,,,1,,happiness,,3,3,3,3,0,1.926068113,"開心(VH),迎接(VC),贏得(VJ)","鼓鼓掌(VA),高興(VK),香噴噴(VH)","點頭(VA),驕傲(VH),陪笑(VA)","開心(VH),逗人(VH),轉播(VC)","顯得(VK),雀躍(VH),開胃(VH)","顯現(VH),願意(VK),開心(VH)"
,,雀躍,V,pos,"{不已,興奮,消息,令,們,心,表示,讓,著,之}",,,,1,,happiness,,3,3,3,3,0,1.926068113,"不,已,(,V,H,)","預備(VF),開心(VH),表示(VE)","隱藏(VC)[+vrv],送(VD),表示(VE)","興奮(VH),歡欣(VH),歡呼(VE)","高興(VK),讓(VL),見面(VA)","難(VH),配股(VB),認同(VJ)"
,,喜出望外,V,pos,"{我,他,了,是,的}",,,,1,,{happiness;surprise},,3,3,3,3,0,1.926068113,"發,現,(,V,E,)","說(VE),滿足(VHC),就職(VA)","表示(VE),結下(VC),大漲(VH)","V,i,v,i,a,n,(,N,b,),[,+,f,w,]","起來(VB)[+vrr],讓(VL),說(VE)","造訪(VC),快(VH),大(VH)"
,,歡愉,V,pos,"{性愛,溫馨,氣氛,享受,快樂,感覺,生命,著,卻}",,,,1,,happiness,,3,3,3,3,0,1.926068113,"祥和(VH),熱鬧(VH),浪漫(VH)","難忘(VK),看(VE),玩弄(VC)","隨性(VH),萎靡(VH),自由(VH)","為(VG),溫馨(VH),明亮(VH)","過剩(VH),追求(VC),讚頌(VC)","追逐(VC),迎接(VC),解渴(VH)"
,,暢快,V,pos,"{淋漓,想,她,了,一,的}",,,,1,,happiness,,3,3,3,3,0,1.926068113,"淋漓(VH),恣意(VH),多(VH)","讓(VL),節制(VJ),留下(VC)","費力(VH),自組(VC),習慣(VL)","舒適(VH),無限(VH),淋漓(VH)","顯得(VK),這樣(VH),解脫(VC)","響起(VH),舞動(VC),無(VJ)"
,,歡悅,V,pos,"{我,的}",,,,1,,happiness,,3,3,3,3,0,1.926068113,,,"沒有(VJ),望向(VC)","興奮(VH),珍貴(VH)","興奮(VH),沒有(VJ),沉浸(VI)","抱(VC),感到(VK),令(VL)"
,,心曠神怡,V,pos,"{令,人,的}",,,,1,,happiness,,3,2,3,2.666666667,0.577350269,1.772223047,,"陶醉(VH),過(VCL),經過(VCL)","順口(VH),說到(VE),神往(VJ)","覺(VK),感到(VK)","讓(VL),教(VL),使(VL)","飲茶(VA),襯托(VJ),教(VL)"
,,愉悅,V,pos,"{罪惡,感官,情慾,帶給,心情,性,享受,滿足,心靈,快樂}",,,,1,,happiness,,3,2,3,2.666666667,0.577350269,1.772223047,"祥和(VH),為(VG),有(V_2)","難過(VK),適應(VJ),豐碩(VH)","顛覆(VC),迴避(VC),跳舞(VA)","閃亮(VH),追求(VC),返回(VCL)","驚訝(VK),顯得(VK),通行(VA)","認為(VE),表達(VC),翩翩起舞(VA)"
,,歡暢,V,pos,{的},,,,1,,happiness,,3,3,3,3,0,1.926068113,"愉,悅,(,V,H,)","笑,(,V,A,)",,,"抒,發,(,V,C,)",
,,開懷,V,pos,"{大笑,關懷,笑,地,得,著,讓,能}",,,,1,,happiness,,3,3,3,3,0,1.926068113,"過癮(VH),暢談(VE),接納(VC)","關懷(VJ),笑(VA),新(VH)","說(VE),洋溢(VH),有如(VG)","笑(VA),歡天喜地(VH),想(VE)","高朋滿座(VH),讓(VL),變(VG)","關懷(VJ),這樣(VH),逗(VC)"
,,喜悅,V,pos,"{掩不住,李總,滿心,關愛,榮耀,分享,樂迷,收穫,喜悅,浮現}",,,,1,,happiness,,3,3,3,3,0,1.926068113,"迎接(VC),自在(VH),真(VH)","驚喜(VH),面帶笑容(VA),連結(VC)","難以置信(VI),開眼(VB),開幕(VH)","轉為(VG),象徵(VK),覺得(VK)","高興(VK),顯得(VK),領悟(VJ)","體會(VK),閃過(VCL),遇(VK)"
,,歡欣,V,pos,"{熱鬧,很,時,人,也,都,了,的}",,,,1,,happiness,,3,2,3,2.666666667,0.577350269,1.772223047,"雀躍(VH),踴躍(VH),自在(VH)","跳(VA),豐收(VH),說(VE)","難(VH),選擇為(VG),送嫁(VD)","鼓舞(VC),表達(VC),溫暖(VHC)","難得(VH),自由(VH),榮耀(VH)","迎接(VC),讓(VL),看(VE)"
,,心花怒放,V,pos,{得},,,,1,,happiness,,3,3,3,3,0,1.926068113,,"掉,以,輕,心,(,V,I,)","變(VG),談(VE),說(VE)",,,"拒絕(VF),寂靜(VH)"
,,驚喜,V,pos,"{意外,讀者,令,感到,篇,製造,帶來,教,人們,故事}",,,,1,,{happiness;surprise},,2,3,3,2.666666667,0.577350269,1.772223047,"無窮(VH),有(V_2),叫(VE)","高呼(VE),驚嘆(VE),露(VC)","顯示(VK),醞釀(VF),述說(VE)","露出(VC),難掩(VC),開盤(VA)","讓(VL),說(VE),見(VE)","遇到(VC),費工夫(VH),豐富(VHC)"
,,欣喜,V,pos,"{不已,內心,令,結果,發現,從,於,讓,又,但}",,,,1,,happiness,,2,2,3,2.333333333,0.577350269,1.618377981,"發現(VE),有(V_2),悲傷(VH)","這樣(VH),發現(VE),教(VC)","願(VK),跌入(VCL),討價還價(VA)","興奮(VH),綻露(VC),滿懷(VJ)","驚異(VH),長命(VH),這樣(VH)","過來(VA),近乎(VG),輕鬆(VH)"
,,甜美,V,pos,"{醜惡,歌聲,笑容,回憶,溫柔,夢,聲音,咖啡,愛情,充滿}",,,,1,,happiness,,2,2,3,2.333333333,0.577350269,1.618377981,"錯誤(VH),醉人(VH),討喜(VH)","食(VC),難忘(VK),醜惡(VH)","雄厚(VH),複雜(VH),紅(VH)","飽滿(VH),豐潤(VH),親切(VH)","領略到(VJ),遙遠(VH),苦澀(VH)","豪邁(VH),讓(VL),誘惑(VC)[+nom]"
,,爽快,V,pos,"{答應,性格,地,她,很,時,但,會,了,我}",,,,1,,happiness,,2,3,3,2.666666667,0.577350269,1.772223047,"答應(VE),大方(VH),告知(VE)","答應(VE),回(VCL),問(VE)","表示(VE),玩(VC),有情(VH)","覺(VK),熱情(VH),清涼(VH)","開放(VH),過癮(VH),贏錢(VA)","飲(VC),追問(VE),見面(VA)"
,,舒暢,V,pos,"{全身,身心,感到,心情,感覺,於是,心,令,覺得,好}",,,,1,,happiness,,2,3,3,2.666666667,0.577350269,1.772223047,"縮(VA),無比(VH),快活(VH)","避免(VE),踏出(VCL),細膩(VH)","變化(VHC),設計(VC),易(VH)","營造(VC),無限(VH),無比(VH)","配上(VC),那麼(VH),覺得(VK)","讓(VL),良好(VH),熱(VHC)"
,,痛快,V,pos,"{悲傷,玩,哭,喝,吧,覺得,真,吃,得}",,,,1,,happiness,,3,3,3,3,0,1.926068113,"酣暢(VH),相忘(VK),直接(VH)","醒來(VH),跳舞(VA),謝謝(VJ)","駕駛(VC),飲(VC),遊玩(VA)","覺得(VK),能(VL),感到(VK)","高興(VK),飲(VC),讓(VL)","風靡(VJ),過癮(VH),讓(VL)"
,,快意,V,pos,"{恩仇,就,也,一,的}",,,,1,,happiness,,1,2,3,2,1,1.464532915,"自,得,(,V,H,)","說(VE),殺人(VA)","響(VH),開始(VH),說不上(VG)","順適(VH),需要(VK),輕鬆(VH)","輕鬆(VH),覺得(VK),莫名(VH)","需要(VK),避暑(VA),沒有(VJ)"
,,豁朗,V,pos,,,,,1,,happiness,,2,2,3,2.333333333,0.577350269,1.618377981,,,,,,
,,可喜,V,pos,"{可賀,可愛,現象,件,非常,文化,但是,已,者,每}",,,,1,,happiness,,2,2,3,2.333333333,0.577350269,1.618377981,"可賀(VH),可愛(VH)","轉變(VHC),跑(VA),贊助(VD)","希望(VK),參加(VC),但願(VK)","鮮嫩(VH),跨出(VCL),認為(VE)","預估(VE),重視(VJ)[+nom],選購(VC)","讓(VL),謂(VE),說(VE)"
,,舒坦,V,pos,"{得,讓,人,也,的}",,,,1,,happiness,,2,2,3,2.333333333,0.577350269,1.618377981,"自在(VH),盡意(VA),勞累(VH)","放置(VC),咧嘴(VA)","綻露(VC),笑(VA),令(VL)","覺得(VK),清心(VH)","讓(VL),活(VH),快活(VH)","酸(VH),達到(VJ),散發(VC)"
,,仰慕,V,pos,"{對,他,我,就,了,這,個,的,一}",,,,1,,happiness,,1,2,2,1.666666667,0.577350269,1.310687849,"投奔(VC),強盛(VH),嚮往(VK)","屈伏(VI),富有(VH),喜歡(VK)","還(VD),久(VH)","開始(VL),讓(VL),無窮(VH)","炙熱(VH),有餘(VH),敬羡(VJ)[+nom]","超越(VC),說(VE),竄升(VA)"
,,慶幸,V,pos,"{慶幸,值得,感到,自己,支持,不會,很,應該,正,不過}",,,,1,,happiness,,2,2,2,2,0,1.464532915,"長(VH),這樣(VH),身為(VG)","高興(VK),走避(VCL),走出來(VA)","養生(VA),閏(VJ),選擇(VC)","深深(VH),感到(VK),感(VK)","釋懷(VH),讚嘆(VE),讓(VL)","順利(VH),辛酸(VH),轉換(VC)"
,,眷戀,V,pos,"{卻,著,對,中,與,不,的,一,在}",,,,1,,happiness,,1,1,3,1.666666667,1.154700538,1.310687849,"無(VJ),投向(VC),忿懣(VI)","離去(VA),賡續(VF),看(VC)","辛勤(VH),謙卑(VH),自拔(VH)","引人(VH),尊重(VJ),如煙(VH)","讓(VL),無盡(VH),普遍(VH)","洩露(VC),抱持(VJ),懷有(VJ)"
,,入神,V,pos,"{聽,得,了,的}",,,,1,,happiness,,1,1,3,1.666666667,1.154700538,1.310687849,"忘,(,V,K,)","過(VCL),這樣(VH)","爆,發,(,V,J,)","聽得(VE),居住(VA)","聽(VE),看(VC),打(VC)","聽(VE),看書(VA)"
,,好受,V,pos,"{滋味,實在,真,不,很,也,這,個}",,,,1,,happiness,,2,2,2,2,0,1.464532915,,"相反(VH),治療(VC),沒辦法(VI)","笑(VA),知道(VK)",,"漫,長,(,V,H,)","言出必行(VH),挨過(VJ)"
,,期求,V,pos,,,,,1,,happiness,,1,0,-1,0,1,0.541462518,,,,,,
,,無奈,V,neg,"{迫於,氣結,心酸,百般,不知所措,攤開,辛酸,宿命,何其,無力感}",,,,1,,sadness,,-1,-1,-2,-1.333333333,0.577350269,-0.073917747,"面對(VC),造化弄人(VH),追逐(VC)","鼻酸(VH),點頭(VA),飲恨(VH)","騙(VC),駑鈍(VH),順應(VJ)","頗覺(VK),露出(VC),逼(VF)","高(VH),順應(VJ),面試(VC)","體會(VK),頗覺(VK),面臨(VK)"
,,悲傷,V,neg,"{痛快,悲傷,哭泣,無奈,眼淚,樂觀,快樂,哭,痛苦,面前}",,,,1,,,"{無奈,寂寞,失望,傷感,心痛,惱怒,痛苦,辛酸,哀愁,失落,煩憂,憂煩,哀傷,憂傷,憂愁,悲哀,哀戚,悲痛,哀痛,憂鬱,尷尬,悻悻,悵然,漠然,羞愧,愁悶,煩悶,惆悵,苦悶,懊惱,苦澀,寂寥,苦惱,哀思,憂惱,憂悶,鬱卒,愁悵,心酸,悲涼,落寞,愁苦,哀怨,沮喪,悲愁,酸楚,抑鬱,憂憤,悽楚,悲切,傷痛,悲情,悲苦,痛心,沉鬱,悲憤,悲愴,悽慘,悲慟,悲鬱,鬱悶,悲慘,沉痛,絕望}",-3,-3,-2,-2.666666667,0.577350269,-0.689298011,"輔導(VC),讓(VL),說(VE)","通過(VC),超越(VC),說(VE)","驕傲(VH),遺憾(VK),趕到(VCL)","驚嚇(VC),開始(VH),遏(VC)","鼻酸(VH),驕傲(VH),難(VH)","顫動(VA),震驚(VHC),開導(VC)[+nom]"
,,寂寞,V,neg,"{芳心,甚囂塵上,音符,孤單,空虛,貧,孤獨,寂寞,得很,俱樂部}",,,,1,,sadness,,-2,-2,-2,-2,0,-0.381607879,"黃(VH),鬱悶(VH),需要(VK)","飄(VA),過(VCL),進來(VA)","點燃(VC),香(VH),飛回(VCL)","鬱悶(VH),顯得(VK),難耐(VC)","麻木(VH),飄游(VA),關機(VA)","高興(VK),頓感(VK),陪伴(VC)"
,,失望,V,neg,"{失望,沮喪,之餘,絕望,傷心,來自於,感到,無奈,感,有點}",,,,1,,sadness,,-2,-2,-3,-2.333333333,0.577350269,-0.535452945,"難過(VK),落寂(VH),無奈(VH)","養(VC),離開(VC),陪(VC)","面對(VC),離開(VC),離去(VA)","難掩(VC),陷入(VCL),閃過(VCL)","高(VH),頗覺(VK),露出(VC)","難過(VK),關懷(VJ),長出來(VH)"
,,傷感,V,neg,"{極其,話,因為,卻,很,最,那,說,我,而}",,,,2,,sadness,,-3,-2,-2,-2.333333333,0.577350269,-0.535452945,"混合(VC),冷漠(VH),一樣(VH)","走出(VCL),請(VF),說(VE)","開(VC),遏止不了(VC),讀書(VA)","騁思(VA),陌生(VI),疲累(VH)","透著(VJ),變遷(VH),談(VE)","非(VH),遠(VH),遇上(VC)"
,,心痛,V,neg,"{心碎,心痛,感到,令,還是,覺得,仍,事,地,卻}",,,,1,,sadness,,-3,-3,-3,-3,0,-0.843143077,"難(VH),流淚(VA),心碎(VH)","讓開(VA),說(VE),表示(VE)","顯著(VH),這樣(VH),談到(VE)","鼻酸(VH),感到(VK)","難眠(VA),這樣(VH),讓(VL)","隨侍在側(VA),緩慢(VH),碧綠(VH)"
,,惱怒,V,neg,"{道,又,了,在,的}",,,,1,,{sadness;angry},,-3,-3,-3,-3,0,-0.843143077,"報,復,(,V,C,)","道(VE),絕望(VH),粗聲(VH)","騙(VC),道(VE),說(VE)","略顯(VK),故作(VG)","難,堪,(,V,H,),[,+,n,o,m,]","辛苦(VHC),貧富懸殊(VH),吃驚(VH)"
,,痛苦,V,neg,"{深淵,喜樂,哀嚎,呻吟,打針,梁啟超,掙扎,煎熬,可想而知,不堪}",,,,1,,sadness,,-3,-3,-3,-3,0,-0.843143077,"麻木不仁(VH),飲進來(VB),難當(VH)","體驗(VC)[+vrv],體驗(VC),面對(VC)","體驗(VC),飲茶(VA),面對(VC)","麻痺(VC),體會(VK),飽受(VJ)","高(VH),體會(VK),驚慌(VH)","高漲(VH),高(VH),體會到(VK)"
,,辛酸,V,neg,"{血淚,不平,委屈,歲月,無奈,痛苦,知,過程,過去,其}",,,,1,,sadness,,-2,-2,-2,-2,0,-0.381607879,"表露無遺(VB),有(V_2),委屈(VHC)","踩(VC),絕望(VH),痛苦(VH)","重塑(VC),貧乏(VH),表示(VE)","走過(VCL),見(VC),蒸散出(VC)","遭遇(VJ),辛苦(VHC),跑新聞(VA)","身為(VG),說明(VE),看(VC)"
,,哀愁,V,neg,"{美麗,充滿,如此,與,我,會,也}",,,,1,,sadness,,-3,-2,-2,-2.333333333,0.577350269,-0.535452945,"轉換成(VG),交織(VJ)","見(VE),美麗(VH),流動(VA)","論(VC),繼續(VF),綜合(VC)","變成(VG),美麗(VH),徒增(VJ)","開(VH)[+vrr],美麗(VH),緩慢(VH)","湧起(VA),沖淡(VC),排除(VC)"
,,失落,V,neg,"{原鄉,地平線,揚棄,失落,情結,寂寞,挫折,現代人,題目,記憶}",,,,2,,sadness,,-2,-2,-2,-2,0,-0.381607879,"迷惘(VH),綜合(VC),絕望(VH)","難過(VK),重造(VC),試(VF)","驅使(VL),開闊(VHC),重要(VH)","頓感(VK),難掩(VC),錯愕(VH)","面臨(VK),難逃(VJ),隱約(VH)","點石成金(VA),面臨(VK),面對(VC)"
,,煩憂,V,neg,,,,,1,,{sadness;fear},,-2,-2,-2,-2,0,-0.381607879,,,,,,
,,憂煩,V,neg,,,,,1,,{sadness;fear},,-2,-2,-2,-2,0,-0.381607879,"堆,積,(,V,C,)",,,,,
,,哀傷,V,neg,"{靈琴,眼神,令,看到,心,著,卻}",,,,1,,sadness,,-3,-3,-2,-2.666666667,0.577350269,-0.689298011,"那樣(VH),逝去(VH),滲過(VC)","默禱(VE),領回(VC),起自(VJ)","踏(VC),講(VE),聽聽(VE)","驚覺(VK),陷入(VCL),覺得(VK)","震驚(VHC),遇害(VH),調變(VA)","透露出(VK),讓(VL),證實(VE)"
,,憂傷,V,neg,"{憤怒,心,因,著,每,地,中,我們,而,她}",,,,1,,{sadness;fear},,-3,-3,-2,-2.666666667,0.577350269,-0.689298011,"痛悔(VK),無奈(VH),為(VG)","訴說(VE),煩躁(VH),渴慕(VJ)","響(VH),關(VC),過世(VH)","鬱悶(VH),無限(VH),沈重(VH)","陷溺(VI),痛苦(VH),烘托出(VC)","顯露出(VJ),逃家(VA),發現(VE)"
,,憂愁,V,neg,"{煩惱,快樂,只有,需要,卻,著,地,你}",,,,1,,{sadness;fear},,-3,-2,-2,-2.333333333,0.577350269,-0.535452945,"渲染到(VC),到(VCL),優美(VH)","重壓(VC)[+nom],緊緊(VH),突顯(VJ)","需要(VK),遵守(VJ),轉化成(VG)","解(VC),視為(VG),突破(VC)","露出(VC),這樣(VH),看到(VE)","露(VC),需要(VK),迷濛(VH)"
,,悲哀,V,neg,"{臺灣人,神色,感到,難過,台灣人,真是,身為,實在,中國人,在於}",,,,1,,sadness,,-3,-3,-2,-2.666666667,0.577350269,-0.689298011,"難過(VK),莫此為甚(VH),知(VK)","顛倒(VC),靠(VJ),道(VE)","難過(VK),道(VE),讓(VL)","透出(VJ),留下(VC),特別(VH)","高興(VK),驕傲(VH),願(VK)","願意(VK),離別(VB),迷路(VH)"
,,哀戚,V,neg,,,,,1,,sadness,,-3,-3,-2,-2.666666667,0.577350269,-0.689298011,"環,聚,(,V,A,)","舉,行,(,V,C,)",,,,"成眠(VA),小殮(VA)"
,,悲痛,V,neg,"{感到,心,比,得,她,裡,中,還,時,以}",,,,1,,sadness,,-3,-3,-3,-3,0,-0.843143077,"逾恆(VH),不已(VH)","預感到(VK),難過(VK),籌備(VC)","雄渾(VH),舊(VH),繼續(VF)","體會(VK),這樣(VH),抒(VE)","遽逝(VH),諫國(VA),衝動(VH)","體會(VK),讓(VL),認屍(VA)"
,,哀痛,V,neg,"{不已,家人,對,一,的}",,,,1,,sadness,,-3,-3,-3,-3,0,-0.843143077,"逾恆(VH),欲(VK),憤怒(VH)","絕,(,V,H,)","催(VF),值得(VH)","表,示,(,V,E,)","感到(VK),入土(VA),充滿(VJ)","逝(VH),天人永隔(VH)"
,,憂鬱,V,neg,"{陰沉,失智,記憶力,老年,憂鬱,劑,想必,抗,眼神,症狀}",,,,1,,sadness,,-3,-3,-2,-2.666666667,0.577350269,-0.689298011,"高(VH),迷惘(VH),處理(VC)","長長(VH),重要(VH),跳樓(VA)","顯得(VK),陰沉(VH),身亡(VH)","陷於(VJ),陷入(VCL),陰柔(VH)","陷入(VCL),陰沉(VH),開始(VL)","長久(VH),適應(VJ),走出(VCL)"
,,憂鬱,N,neg,"{陰沉,失智,記憶力,老年,憂鬱,劑,想必,抗,眼神,症狀}",,,,1,,sadness,,-3,-3,-2,-2.666666667,0.577350269,-0.689298011,"高(VH),迷惘(VH),處理(VC)","長長(VH),重要(VH),跳樓(VA)","顯得(VK),陰沉(VH),身亡(VH)","陷於(VJ),陷入(VCL),陰柔(VH)","陷入(VCL),陰沉(VH),開始(VL)","長久(VH),適應(VJ),走出(VCL)"
,,尷尬,V,neg,"{處境,場面,化解,自在,勸,有點,見面,氣氛,地位,有些}",,,,1,,sadness,,-1,-1,-2,-1.333333333,0.577350269,-0.073917747,"難堪(VH),表示(VE),漫長(VH)","鬆開(VHC),難過(VK),避免(VE)","點名(VA),面對(VC),開獎(VH)","陷於(VJ),陷入(VCL),避免(VE)","顯得(VK),陷入(VCL),錄音(VB)","顯(VK),陷(VHC),遇到(VC)"
,,悻悻,V,neg,{地},,,,1,,sadness,,-1,-3,-3,-2.333333333,1.154700538,-0.535452945,,"逛(VC),返回(VCL),說(VE)",,,"落,敗,(,V,H,)",
,,悵然,V,neg,"{著,他,了,一,的}",,,,1,,sadness,,-1,-2,-2,-1.666666667,0.577350269,-0.227762813,"離開(VC),走(VA),落寞(VH)","返(VCL),茫然(VH),若有所失(VH)","成(VG),守(VC),去(VCL)",,"錯身(VB),止步(VA)","自由(VH),留下(VC),生出(VC)"
,,漠然,V,neg,"{看,自己,卻,得,著,對,一,的}",,,,1,,sadness,,-1,-2,-2,-1.666666667,0.577350269,-0.227762813,"量測(VC),道(VE),處(VCL)","面對(VC),看(VC),消沉(VH)","開始(VL),身為(VG),有(V_2)","表現出(VC),抹上(VC)","故意(VL),巨大(VH),客觀(VH)","物化成(VG),事不關己(VH)"
,,羞愧,V,neg,"{罪惡,感到,地,才,沒有,但,對,不,我}",,,,1,,sadness,,-2,-2,-2,-2,0,-0.381607879,"惶惑(VH),加上(VC)","面對(VC),這樣(VH),請(VF)","髒(VH),願(VK),輕生(VA)","覺得(VK),罪惡(VH),感到(VK)","面紅耳赤(VH),自責(VA),自卑(VH)","自慰(VA),笑(VA),沒有(VJ)"
,,愁悶,V,neg,,,,,1,,sadness,,-2,-2,-2,-2,0,-0.381607879,,,,,,
,,煩悶,V,neg,"{煩悶,心情,的話,心,覺得,裡,很,對,了,我}",,,,1,,sadness,,-2,-2,-3,-2.333333333,0.577350269,-0.535452945,"苦惱(VH),焦躁(VH),有(V_2)","煩悶(VH),打算(VF),少(VH)","需要(VK),覺得(VK),煩悶(VH)","解決(VC),解(VC),覺得(VK)","調劑(VC),覺得(VK),苦惱(VH)","現實(VH),煩悶(VH),有(V_2)"
,,惆悵,V,neg,"{一,了,有,的,是}",,,,1,,sadness,,-2,-2,-2,-2,0,-0.381607879,"爬上(VCL),感慨(VE),大於(VJ)","飛(VA),走(VA)[+vrv],感傷(VK)","留(VC),照相(VB),無情(VH)","滋,生,(,V,J,)","無限(VH),收起(VC),帶(VC)","追懷(VJ),說(VE),有(V_2)"
,,苦悶,V,neg,"{徬徨,壓抑,掙扎,創造,找,歷史,生活,工作,社會,由}",,,,1,,sadness,,-2,-2,-3,-2.333333333,0.577350269,-0.535452945,"痛苦(VH),為(VG),刻板(VH)","需要(VK),紊亂(VH),看(VC)","追求(VC),解決(VC),站(VA)","鬱卒(VH),解(VC),覺得(VK)","鬱積(VH),鬱卒(VH),膠著(VH)","錄下(VC),超乎(VJ),描述(VC)"
,,懊惱,V,neg,"{不已,感到,實在,一直,雖然,過去,心,覺得,不過,事}",,,,1,,sadness,,-3,-1,-3,-2.333333333,1.154700538,-0.535452945,"靜靜(VH),錯過(VJ),壓(VC)","說(VE),覺得(VK),糾纏(VC)","養成(VC),開悟(VH),踅入(VCL)","覺得(VK),深感(VK),沒有(VJ)","驚奇(VK),過來(VA)[+vrr],這樣(VH)","黑(VH),高興(VK),過去(VA)"
,,苦澀,V,neg,"{咖啡,口,帶,想,能,種,著,我,而}",,,,1,,sadness,,-3,-2,-3,-2.666666667,0.577350269,-0.689298011,"疼痛(VH),交織(VJ),不堪(VK)","算是(VG),空幻(VH),硬(VH)","達到(VJ),記得(VK),昇華為(VG)","追求(VC),略帶(VC),成長(VH)","行遊(VCL),融合(VC),甜蜜(VH)","香醇(VH),降(VC),遠眺(VC)"
,,寂寥,V,neg,"{中,著,的,一,在}",,,,1,,sadness,,-2,-2,-2,-2,0,-0.381607879,"空,曠,(,V,H,)","襲(VC)[+p2],空虛(VH),步下(VCL)","開始(VL),觸怒(VC),湧上(VCL)","荒涼(VH),打發(VC),慰(VC)","顯得(VK),熟悉(VJ),漂蕩(VA)","遍野(VH),無比(VH),小心(VK)"
,,苦惱,V,neg,"{人生,感到,十分,原因,令,心,人類,非常}",,,,1,,{sadness;fear},,-2,-2,-3,-2.333333333,0.577350269,-0.535452945,"沒有(VJ),不已(VH)","逃避(VC),走過來(VA),覺得(VK)","陷入(VCL),遺忘(VK),造成(VG)","自尋(VC),給(VD),煩悶(VH)","解決(VC),處理(VC),給(VD)","難(VH),陌生(VI),造成(VG)"
,,哀思,V,neg,{的},,,,1,,sadness,,-2,-1,-2,-1.666666667,0.577350269,-0.227762813,,,,"深,沉,(,V,H,)",,
,,憂惱,V,neg,,,,,1,,{sadness;fear},,-3,-2,-2,-2.333333333,0.577350269,-0.535452945,,"致,使,(,V,L,)",,,,
,,憂悶,V,neg,{的},,,,1,,{sadness;fear},,-3,-2,-2,-2.333333333,0.577350269,-0.535452945,,,"像,(,V,G,)","踏,(,V,C,)","鬱結(VH),猛(VH),恐慌(VH)","沖,沖,(,V,C,)"
,,鬱卒,V,neg,"{酒,而,的}",,,,1,,sadness,,-3,-3,-3,-3,0,-0.843143077,"苦,悶,(,V,H,)","苦悶(VH),死(VH),坐(VA)","滿腹(VH),想到(VE),彈鋼琴(VA)","煩躁(VH),有(V_2)","認為(VE),覺得(VK),產生(VHC)","開胃(VH),賣(VD),編審(VC)"
,,愁悵,V,neg,,,,,1,,sadness,,-2,-2,-3,-2.333333333,0.577350269,-0.535452945,,"走,到,(,V,C,L,)",,,,
,,心酸,V,neg,"{無奈,令,故事,人,看,與,我,了,有,也}",,,,1,,sadness,,-3,-1,-2,-2,1,-0.381607879,"道(VE),落淚(VA),無奈(VH)","辛苦(VHC),總括(VC),笑(VA)[+vrv]","抱歉(VK),征(VC),在(VCL)","覺得(VK),有(V_2),不禁(VL)","讓(VL),無奈(VH),撕(VC)","讀(VC),矛盾(VH),看(VC)"
,,悲涼,V,neg,"{竟,中,種,與,了,這,的,一,是}",,,,1,,sadness,,-3,-3,-3,-3,0,-0.843143077,"難(VH),沉重(VH)","點綴(VC),釋(VC),說(VE)","沒,入,(,V,C,)","無奈(VH),帶(VC),寂寞(VH)","黯然神傷(VH),顯得(VK),難料(VE)","萌生(VJ),生起(VC),流露出(VJ)"
,,落寞,V,neg,"{神色,心情,覺得,著,卻,裡,地,她,種,與}",,,,1,,sadness,,-2,-2,-2,-2,0,-0.381607879,"閒愁(VH),買回(VC),寡言(VH)","驚恐(VH),離開(VC),覺得(VK)","試(VF),置身(VCL),熱切(VH)","麻木(VH),變得(VJ),訪問(VC)","飽嘗(VC),飛揚(VA),開始(VH)","難(VH),滑落(VA),消失(VA)"
,,愁苦,V,neg,"{或,一,的}",,,,1,,sadness,,-3,-2,-3,-2.666666667,0.577350269,-0.689298011,"激動(VH),可憐(VHC)","迎刃而解(VH),走出(VCL),美(VH)","覺得(VK),有(V_2),困懼(VK)","走出(VCL),覺(VK)","無助(VH),歡樂(VH)","表現出(VC),愛樂(VH)"
,,哀怨,V,neg,"{著,的}",,,,1,,sadness,,-3,-2,-3,-2.666666667,0.577350269,-0.689298011,"絕倫(VH),為(VG),憂傷(VH)","望(VC),指責(VC),悵惘(VH)","道(VE),迴盪(VH),用(VC)","老沈(VH),纏綿(VH),淒涼(VH)","纏綿(VH),異(VH),淡漠(VH)","死去活來(VH),播(VC),呈現(VJ)"
,,沮喪,V,neg,"{焦慮,神情,失望,挫折,心情,恐懼,內心,感到,緊張,情緒}",,,,1,,sadness,,-3,-2,-2,-2.333333333,0.577350269,-0.535452945,"退縮(VA),欲(VK),描繪(VC)","離去(VA),遺憾(VK),變(VG)","變(VG),談完(VC),解釋(VE)","造成(VK),覺得(VK),覺(VK)","過(VCL),覺得(VK),自憐(VH)","造成(VK),這樣(VH),讓(VL)"
,,悲愁,V,neg,,,,,1,,{sadness;fear},,-3,-2,-2,-2.333333333,0.577350269,-0.535452945,,"孤,獨,(,V,H,)","不,安,(,V,H,)",,"飄出(VA),折磨(VC)","充,滿,(,V,J,)"
,,酸楚,V,neg,"{那,我,的}",,,,1,,sadness,,-3,-3,-1,-2.333333333,1.154700538,-0.535452945,,"錐心(VH),芬芳(VH),祭奠(VC)","隱藏(VC),混合(VC),包圍(VC)","哽,泣,(,V,A,)","陷入(VCL),無奈(VH),帶(VC)","認識(VJ),張羅(VC),噴洩(VC)"
,,抑鬱,V,neg,"{終,而,不,也,是,一,的}",,,,1,,sadness,,-3,-3,-2,-2.666666667,0.577350269,-0.689298011,"抒發(VC),寡言(VH),失志(VH)","終(VH),歿(VH),死(VH)",,"造成(VG),躁狂(VH),舒展(VHC)","娶(VC),不盡(VH)","湊進(VC),恍如(VG),幽居(VA)"
,,憂憤,V,neg,,,,,1,,{sadness;angry},,-3,-3,-3,-3,0,-0.843143077,"相交(VA),孤寂(VH)",,"自殺(VA),終(VH)",,,
,,悽楚,V,neg,{的},,,,1,,sadness,,-3,-3,-3,-3,0,-0.843143077,,"看,(,V,C,)",,,"帶(VC),偏愛(VJ)",
,,悲切,V,neg,,,,,1,,sadness,,-3,-3,-2,-2.666666667,0.577350269,-0.689298011,,,,,"雄,渾,(,V,H,)","化,為,(,V,G,)"
,,傷痛,V,neg,"{撫平,憎恨,主,──,消失,心靈,或許,任何,心,無法}",,,,1,,sadness,,-3,-3,-3,-3,0,-0.843143077,"酷烈(VH),退場(VA),給(VD)","願(VK),遠遠(VH),苦(VH)","難(VH),開始(VL),透露(VE)","飽受(VJ),面對(VC),遠離(VCL)","離鄉背井(VA),離婚(VA),這樣(VH)","離開(VC),覺得(VK),減輕(VHC)"
,,悲情,V,neg,"{威尼斯,影展,城市,走出,不再,似乎,電影,女性}",,,,1,,sadness,,-3,-3,-3,-3,0,-0.843143077,"點亮(VC),不再(VH)","顯示(VK),重建(VC),迎向(VC)","飛入(VC),重要(VH),迢迢(VH)","革命(VA),釋放(VC),趕出(VCL)","變成(VG),脫離(VC),矚目(VB)","道盡(VE),走出(VCL),讓(VL)"
,,悲苦,V,neg,"{自己,那,她,人,有,中,不,的,是,我}",,,,1,,sadness,,-3,-3,-3,-3,0,-0.843143077,"無奈(VH),昇華(VH),承受(VC)","活潑(VH),有(V_2),放(VC)","飲恨(VH),沒有(VJ),有(V_2)","脫離(VC),結束(VHC),無奈(VH)","迫得(VF),迎來(VC),表現(VC)","面對(VC),避免(VE),迫害(VC)"
,,痛心,V,neg,"{深感,感,遺憾,令,感到,十分,事實,非常,認為,讓}",,,,1,,sadness,,-3,-3,-3,-3,0,-0.843143077,"離開(VC),離(VC),憤慨(VH)","說(VE),試想(VE),訝異(VK)","遭來(VC),造成(VK),透過(VJ)","表示(VE),深感(VK),感到(VK)","遺憾(VK),讓(VL),請問(VE)","讓(VL),知情(VI),深表(VE)"
,,沉鬱,V,neg,{的},,,,1,,sadness,,-3,-2,-3,-2.666666667,0.577350269,-0.689298011,"跌(VH),孤獨(VH)","降(VC),老蒼(VH),淹沒(VC)","烘,托,出,(,V,C,)",,"樸茂(VH),悽苦(VH)","趨於(VL),變成(VG)"
,,悲憤,V,neg,"{化,力量,心情,然而,她,為,大,他,要}",,,,1,,{sadness;angry},,-3,-3,-3,-3,0,-0.843143077,"難抑(VC),難平(VH),絕望(VH)","需要(VK),責打(VC)[+nom],湧(VA)","造成(VK),痛哭(VA),決定(VE)","露出(VC),豪放(VH),覺得(VK)","造成(VK),瀟灑(VH),激昂(VH)","道出(VE),聊釋(VC),疑惑(VH)"
,,悲愴,V,neg,"{奏鳴曲,生命,時,著,中,為,這,了}",,,,1,,sadness,,-3,-3,-3,-3,0,-0.843143077,"進入(VCL),感人(VH),大(VH)","道(VE),沉靜(VH),撲到(VC)","隱,藏,(,V,C,)","無限(VH),有(V_2),感到(VK)","非(VG),賁張(VH),感覺到(VK)","飲泣(VA),隱藏(VC),殉情(VA)"
,,悽慘,V,neg,"{景象,一,的}",,,,1,,sadness,,-3,-3,-2,-2.666666667,0.577350269,-0.689298011,"無,比,(,V,H,)","痛苦(VH),形容(VE),可怕(VH)","覺得(VK),有限(VH)",,"萎頓(VH),寂寞(VH)","露出(VC),陷入(VCL),凋敝(VH)"
,,悲慟,V,neg,"{也,的}",,,,1,,sadness,,-3,-3,-3,-3,0,-0.843143077,"涕零(VH),不已(VH)","震天(VH),狂喜(VH),哭(VA)","表示(VE),狂熱(VH),住在(VCL)","死(VH)[+nom],擔憂(VK)[+nom],感到(VK)","掙扎(VA),去世(VH)","飛揚(VA),辨認(VC),表達(VC)"
,,悲鬱,V,neg,,,,,1,,sadness,,-3,-2,-3,-2.666666667,0.577350269,-0.689298011,,,,,"訝,異,(,V,K,)",
,,鬱悶,V,neg,"{心情,不滿,情緒,心,開始,會,種,而}",,,,1,,sadness,,-3,-2,-2,-2.333333333,0.577350269,-0.535452945,"消解(VC),憂傷(VH),怎麼著(VH)","開始(VL),開(VH),短短(VH)","舊(VH),氣憤(VH),提筆(VA)","開始(VL),特別(VH),煩躁(VH)","覺得(VK),紓解(VJ),沉(VA)","解決不了(VC),表現出(VC),沒有(VJ)"
,,悲慘,V,neg,"{雨果,可悲,悲慘,下場,共產,結局,遭遇,命運,經歷,一生}",,,,1,,sadness,,-3,-3,-3,-3,0,-0.843143077,"難堪(VH),莫此為甚(VH),死亡(VH)","高懸(VC),遭受(VJ),籠罩(VH)","那樣(VH),違反(VJ),與會(VA)","貧困(VH),痛苦(VH),沈寂(VH)","風雨飄搖(VH),面臨(VK),錯亂(VH)","面臨(VK),重譯(VC),貧窮(VH)"
,,沉痛,V,neg,{的},,,,1,,sadness,,-3,-3,-3,-3,0,-0.843143077,"難忘(VK),嘆息(VA)","說(VE),化作(VJ)","吶,喊,(,V,A,)",,"無言(VH),憂鬱(VH)","殉,難,(,V,H,)"
,,絕望,V,neg,"{掉入,掙扎,失望,痛苦,放棄,首,人生,死,完全,出現}",,,,1,,sadness,,-3,-3,-3,-3,0,-0.843143077,"轉變為(VG),莫過於(VG),痛苦(VH)","黑暗(VH),黑(VH),餓死(VHC)","面臨(VK),離婚(VA),達到(VJ)","近乎(VG),跨越(VCL),跌入(VCL)","阻止(VC),遇到(VC),這樣(VH)","開始(VL),迫在眉梢(VH),說(VE)"
,,緊張,V,neg,"{走秀,臺海,轉趨,朝鮮半島,美伊,爭鬥,手足無措,緩和,台海,情勢}",,,,4,,fear,,-2,-3,-1,-2,1,-0.381607879,"難(VH),開始(VL),造成(VK)","頭痛(VH),靠進(VA),隸屬(VJ)","預留(VC),難纏(VH),離開(VC)","鬆弛(VHC),顯(VK),露出(VC)","麻木(VH),鬥爭(VC),鬆弛(VHC)","鼻塞(VH),高興(VK),顯現(VH)"
,,緊張,N,neg,"{走秀,臺海,轉趨,朝鮮半島,美伊,爭鬥,手足無措,緩和,台海,情勢}",,,,1,,,,-2,-3,-1,-2,1,-0.381607879,"難(VH),開始(VL),造成(VK)","頭痛(VH),靠進(VA),隸屬(VJ)","預留(VC),難纏(VH),離開(VC)","鬆弛(VHC),顯(VK),露出(VC)","麻木(VH),鬥爭(VC),鬆弛(VHC)","鼻塞(VH),高興(VK),顯現(VH)"
,,害怕,V,neg,"{清閒,惶恐,有點兒,害怕,驚慌,顫抖,發抖,大哭,恐懼,孤單}",,,,1,,,"{緊張,擔心,擔憂,焦急,恐懼,憂心,煩憂,憂煩,憂傷,憂愁,憂慮,急切,牽腸掛肚,徬徨,心急,慌張,著急,誠惶誠恐,操心,心有餘悸,煩惱,受驚,驚慌,惶惶,惶惑,煩心,心煩,忐忑不安,焦灼,心慌,發愁,犯愁,苦惱,焦心,膽戰心驚,驚恐,憂惱,膽怯,憂悶,心焦,焦慮,畏怯,心驚肉跳,畏懼,心急如焚,悲愁,如坐針氈,心驚膽顫,驚駭,懼怕,恐怖}",-2,-3,-2,-2.333333333,0.577350269,-0.535452945,"驚恐(VH),面對(VC),陌生(VI)","高達(VJ),高興(VK),騎車(VA)","鼓勵(VF),鬥爭(VC),驅散(VC)","驚慌(VH),驚呼(VE),顫抖(VAC)","高興(VK),驚慌(VH),顯得(VK)","黑(VH),鮮血淋漓(VH),飛行(VA)"
,,害怕,N,neg,"{清閒,惶恐,有點兒,害怕,驚慌,顫抖,發抖,大哭,恐懼,孤單}",,,,1,,,"{緊張,擔心,擔憂,焦急,恐懼,憂心,煩憂,憂煩,憂傷,憂愁,憂慮,急切,牽腸掛肚,徬徨,心急,慌張,著急,誠惶誠恐,操心,心有餘悸,煩惱,受驚,驚慌,惶惶,惶惑,煩心,心煩,忐忑不安,焦灼,心慌,發愁,犯愁,苦惱,焦心,膽戰心驚,驚恐,憂惱,膽怯,憂悶,心焦,焦慮,畏怯,心驚肉跳,畏懼,心急如焚,悲愁,如坐針氈,心驚膽顫,驚駭,懼怕,恐怖}",-2,-3,-2,-2.333333333,0.577350269,-0.535452945,"驚恐(VH),面對(VC),陌生(VI)","高達(VJ),高興(VK),騎車(VA)","鼓勵(VF),鬥爭(VC),驅散(VC)","驚慌(VH),驚呼(VE),顫抖(VAC)","高興(VK),驚慌(VH),顯得(VK)","黑(VH),鮮血淋漓(VH),飛行(VA)"
,,擔心,V,neg,"{蔡鐘雄,優先性,安危,生物學家,不用,漂白,無須,黑名單,不必,不需}",,,,1,,fear,,-1,-3,-2,-2,1,-0.381607879,"黑(VH),鬆弛(VHC),高速(VH)","高齡化(VHC),騷擾(VC),飲用(VC)","黑吃黑(VA),鬆懈下來(VH),高興(VK)","飽受(VJ),需要(VK),需不需要(VK)","鳳毛麟角(VH),驚喜(VH),騷動(VA)","騷擾(VC),騙(VC),駁斥(VC)"
,,擔憂,V,neg,"{著實,擔憂,文建會,前途,令,倒是,不禁,不必,頗,擔心}",,,,1,,fear,,-2,-3,-2,-2.333333333,0.577350269,-0.535452945,"照顧(VC),沒有(VJ),擔心(VK)","開放(VC),銳減(VH),足以(VL)","道(VE),辛苦(VHC),認錯(VA)","開始(VL),發展(VC),有所(VJ)","需要(VK),陰鬱(VH),醒(VA)","隱藏(VC),足夠(VH),讓(VL)"
,,焦急,V,neg,"{萬分,家屬,等待,心,有的,一直,便,地,裡,很}",,,,1,,fear,,-2,-3,-3,-2.666666667,0.577350269,-0.689298011,"跳入(VCL),趕路(VA),解釋(VE)","逼(VF),跑到(VCL),說(VE)","道(VE),說(VE),見(VE)","生(VC),傳來(VC)","顯得(VK),等待(VK),知情(VI)","發現到(VE),杳然(VH),有(V_2)"
,,恐懼,V,neg,"{戒慎,免於,驚惶,發狂,敬畏,莫名,訴諸,地景,未知,恐懼}",,,,1,,fear,,-3,-3,-3,-3,0,-0.843143077,"閏(VJ),遷往(VCL),造成(VG)","驚惶(VH),飢寒交迫(VH),難過(VK)","顯露(VK),難安(VH),難(VH)","驚詫(VH),驚疑(VH),驚惶(VH)","黑暗(VH),麻痺掉(VC),鬱悶(VH)","麻煩(VHC),體罰(VC),驚詫(VH)"
,,憂心,V,neg,"{深感,頗為,感到,令,不已,危機,關心,在於,家長,現象}",,,,1,,fear,,-3,-2,-2,-2.333333333,0.577350269,-0.535452945,"重重(VH),衍生(VC),焦慮(VH)","面對(VC),陰陰沉沉(VH),關聯(VI)[+nom]","足以(VL),說(VE),認為(VE)","足以(VL),表達(VC),表示(VE)","震驚(VHC),關心(VK),關切(VJ)","鄙視(VJ),逝去(VH),辦事(VA)"
,,憂慮,V,neg,"{操心,深感,單親,令,感到,值得,不足,金融,結束,充滿}",,,,1,,fear,,-3,-2,-3,-2.666666667,0.577350269,-0.689298011,"開放(VC),煎熬(VC),歸(VJ)","面對(VC),關切(VJ),輸入(VC)","面對(VC),需要(VK),道(VE)","需要(VK),讓(VL),表示(VE)","關心(VK),長大(VH),讓(VL)","驅趕(VC),面對(VC),重大(VH)"
,,急切,V,neg,"{問道,心情,想要,需要,地,想,心,下,著,用}",,,,1,,fear,,-1,-3,-1,-1.666666667,1.154700538,-0.227762813,"需要(VK),談判(VC),自責(VA)","邀請(VC),說(VE),詢問(VE)","開始(VH),說明(VE),表達出(VE)","面對(VC),這樣(VH),虔誠(VH)","輕鬆(VH),聽(VE),福傳(VB)","起身(VA),說(VE),見(VE)"
,,牽腸掛肚,V,neg,"{不,的}",,,,1,,fear,,-1,-2,-3,-2,1,-0.381607879,,"望,眼,欲,穿,(,V,H,)","怕,(,V,K,)",,"讓,(,V,L,)","幸,會,(,V,H,)"
,,徬徨,V,neg,"{德密安,苦悶,無助,少年,感到,或者,充滿,小說}",,,,1,,fear,,-2,-2,-3,-2.333333333,0.577350269,-0.535452945,"猶豫(VK),無助(VH),出版(VC)","難以言喻(VH),迷惘(VH),轉業(VA)","重燃(VC),茫然(VH),無知(VH)","開始(VL),越過(VCL),覺得(VK)","重複(VC),迷惘(VH),踩(VC)","飄零(VH),關心(VK),請(VF)"
,,心急,V,neg,"{只要,問,太,自己,很,得,地,大,她,會}",,,,1,,fear,,-1,-3,-2,-2,1,-0.381607879,"欲(VK),不得(VH)","飛(VA),焚(VC),想(VE)","自殺(VA),積極(VH),深恐(VK)",,"開車(VA),退(VA),見狀(VA)","積極(VH),看(VC),找(VC)"
,,慌張,V,neg,"{小珍,神色,起來,見,家,地,才,她,他,很}",,,,1,,fear,,-1,-2,-1,-1.333333333,0.577350269,-0.073917747,"起立(VA),說出(VE),衝入(VCL)","逃避(VC),逃竄(VA),衝(VA)","集結(VAC),鎮靜(VH),緊張(VH)","見(VE)[+vrr],裝作(VF),裝(VF)","露出(VC),變(VH),見(VE)","開(VC),讓(VL),請(VF)"
,,著急,V,neg,"{豬,替,媽媽,不要,心,父母,爸爸,起來,呀}",,,,1,,fear,,-1,-2,-2,-1.666666667,0.577350269,-0.227762813,"起床(VA),讓(VL),好(VH)","部署(VC),說(VE),試(VF)","追問(VE),轟走(VC),轉身(VA)","開始(VL),理會(VC),有(V_2)","釣魚(VA),讓(VL),認真(VH)","颳風(VA),退學(VB),讓(VL)"
,,誠惶誠恐,V,neg,{地},,,,1,,fear,,-3,-3,-2,-2.666666667,0.577350269,-0.689298011,,"說(VE),坐下(VA)","服侍(VC),問(VE)","小,心,翼,翼,(,V,H,)",,"直接(VH),大(VH),囉嗦(VH)"
,,操心,V,neg,"{憂慮,不用,不必,父母,需要,孩子,事}",,,,1,,fear,,-1,-2,-3,-2,1,-0.381607879,"遠(VH),計較(VK),想像(VK)","過(VCL),負擔(VC),請(VF)","開心(VH),變動(VHC)[+nom],解釋(VE)","需要(VK),窮(VH),瞎(VH)","避免(VE),讓(VL),無著(VH)","需要(VK),讓(VL),稱(VG)"
,,心有餘悸,V,neg,"{仍,地,他,了,的}",,,,1,,fear,,-1,-2,-1,-1.333333333,0.577350269,-0.073917747,,"說(VE),回想(VE),問道(VE)","既是(VG),感到(VK)",,"令,(,V,L,)","漂流(VA),慘痛(VH)"
,,煩惱,V,neg,"{斷除,自尋,九霄雲外,一百零八,菩提,拋到,癡,妄想,憂愁,無謂}",,,,1,,fear,,-2,-2,-2,-2,0,-0.381607879,"養成(VG),飢餓(VH),錯誤(VH)","開始(VL),開啟(VC)[+nom],造成(VK)","體驗(VC)[+vrv],開學(VH),開始(VL)","驅除(VC),開始(VL),遇到(VC)","面臨(VK),需要(VK),降伏(VC)","養育(VC),顯發(VJ),難(VH)"
,,受驚,V,neg,"{像,的}",,,,1,,{fear;surprise},,-2,-2,-2,-2,0,-0.381607879,"飛起(VA),冒(VC)","小,(,V,H,)","飛避(VC),退到(VCL),跑(VA)","裝作(VF),容易(VH),像(VG)","走動(VA),感冒(VH),夠(VH)","驚嚇(VC),怕(VK)"
,,驚慌,V,neg,"{不知所措,太過,之餘,害怕,不要,地,使,裡,時,中}",,,,1,,{fear;surprise},,-1,-3,-2,-2,1,-0.381607879,"尖叫(VE),害怕(VK),失控(VH)","這樣(VH),跑到(VCL),說(VE)","除去(VC),說(VE),知道(VK)","露出(VC),覺得(VK),懂得(VK)","靠近(VC),需要(VK),見(VE)","臨終(VH),紅(VH),湧出(VA)"
,,惶惶,V,neg,"{不安,也,我,了,在,是,的}",,,,1,,fear,,-1,-3,-2,-2,1,-0.381607879,"驚恐(VH),遊走(VCL),照亮(VC)","妝,點,(,V,C,)","過(VCL),知(VK)","處,於,(,V,J,)","過(VCL),認出來(VK),急(VH)","迷惑(VH),令(VL)"
,,惶惑,V,neg,"{不安,著,我,不,了,個,一,在,的}",,,,1,,fear,,-1,-2,-2,-1.666666667,0.577350269,-0.227762813,"請(VF),立(VA),無助(VH)","知(VK),看(VC),怨恨(VJ)","表示(VE),猜不透(VK),散(VH)","顯得(VK),羞愧(VH),感到(VK)","矛盾(VH),百思不得其解(VH),痛苦(VH)","過去(VA)[+vrr],聽到(VE),不平(VH)"
,,煩心,V,neg,"{她,的}",,,,1,,fear,,-2,-2,-3,-2.333333333,0.577350269,-0.535452945,,,"辦理(VC),湧(VA)[+vrv],減輕(VHC)","覺,得,(,V,K,)","讓(VL),說(VE),叫(VL)","看(VE),有(V_2)"
,,心煩,V,neg,"{令,得,讓,又,他,我,人,這,不,了}",,,,1,,fear,,-2,-3,-3,-2.666666667,0.577350269,-0.689298011,"憂慮(VK),口渴(VH)","順手(VH),煩(VHC),挖(VC)","食慾不振(VH),狠下心(VL),拿起(VC)","覺得(VK),累(VHC),口渴(VH)","轉移(VD),讓(VL),昏沉(VH)","頭重(VH),心神不寧(VH),乾(VH)"
,,忐忑不安,V,neg,"{懷,心情,心,著,會,中,一,的}",,,,1,,fear,,-2,-2,-1,-1.666666667,0.577350269,-0.227762813,,"深恐(VK),打定(VL)","鬆(VHC),進門(VA),有種(VH)",,"求籤(VA),懷(VJ),引起(VC)","讓(VL),抹平(VC)"
,,焦灼,V,neg,"{她,的}",,,,1,,fear,,-2,-3,-2,-2.333333333,0.577350269,-0.535452945,"等待(VK),不安(VH)","關,切,(,V,J,)",,"見,出,(,V,C,)","帶,(,V,C,)",
,,心慌,V,neg,"{著,這,個,了,的}",,,,1,,fear,,-2,-1,-2,-1.666666667,0.577350269,-0.227762813,,"記得(VK),著著實實(VH),著急(VH)",,"感到(VK),悶(VH)","餓(VH),讓(VL),整潔(VH)","發軟(VH),有(V_2)"
,,發愁,V,neg,{的},,,,1,,fear,,-2,-2,-2,-2,0,-0.381607879,,"遇到(VC),健康(VH)","想(VE),幸運(VH)","繼,續,(,V,F,)","延(VC),坐(VA),令(VL)",
,,犯愁,V,neg,,,,,1,,fear,,-2,-2,-2,-2,0,-0.381607879,,,,,,
,,焦心,V,neg,,,,,1,,fear,,-3,-2,-2,-2.333333333,0.577350269,-0.535452945,"等候(VK),憂慮(VK)",,,,"振奮(VHC),大(VH)","受,(,V,J,)"
,,膽戰心驚,V,neg,"{令,而,的}",,,,1,,{fear;surprise},,-3,-3,-2,-2.666666667,0.577350269,-0.689298011,,"看到(VE),抽菸(VA)","自,知,(,V,E,)","感,(,V,K,)","心煩氣躁(VH),令(VL)","飛(VA),聽到(VE),令(VL)"
,,驚恐,V,neg,"{萬分,感覺,著,已,他們,又,地,時,種,人}",,,,1,,{fear;surprise},,-3,-3,-2,-2.666666667,0.577350269,-0.689298011,"失措(VH),到(VCL)","難耐(VC),錯愕(VH),知(VK)","道(VE),跑回(VCL),表達(VC)","顯得(VK),處於(VJ),無限(VH)","黯淡(VH),造成(VK),落寞(VH)","讓(VL),見到(VE),望(VC)"
,,膽怯,V,neg,"{有點,著,地,也,不,的}",,,,1,,fear,,-2,-3,-1,-2,1,-0.381607879,,"感覺(VK),到(VCL),偷看(VC)","讓(VL),說(VE),敢(VL)","覺得(VK),害怕(VK)","疑惑(VH),溫和(VH),害怕(VK)","烘托(VC),滴落(VCL),接近(VC)"
,,心焦,V,neg,{的},,,,1,,fear,,-3,-2,-2,-2.333333333,0.577350269,-0.535452945,,"焚(VC),唯恐(VK)",,"備,感,(,V,K,)","等,(,V,C,)",
,,焦慮,V,neg,"{閹割,自責,焦慮,不安,列出,失眠,困惑,沮喪,克服,緊張}",,,,1,,fear,,-3,-2,-3,-2.666666667,0.577350269,-0.689298011,"集中(VC),隱藏(VC),通往(VCL)","鬆弛(VHC),驚訝(VK),驚恐(VH)","類似(VG),陪伴(VC),透露(VE)","閹割(VC),造成(VK),造成(VG)","龐大(VH),震驚(VHC),需要(VK)","露出(VC),降低(VHC),開學(VH)"
,,畏怯,V,neg,{他},,,,1,,fear,,-2,-2,-2,-2,0,-0.381607879,,,"發現(VE),旺盛(VH)",,,"看,到,(,V,E,)"
,,心驚肉跳,V,neg,"{看,得,人,都,也,我,是,的}",,,,1,,{fear;surprise},,-3,-3,-3,-3,0,-0.843143077,,"聞(VE),撲上(VCL),前去(VCL)","難逃(VJ),開門(VA),返回(VCL)",,"進口(VC),讓(VL),看(VC)","看,(,V,E,)"
,,畏懼,V,neg,"{畏懼,海德格爾,此在,毫不,毫無,死亡,人們,面對,分析,有些}",,,,1,,fear,,-3,-3,-3,-3,0,-0.843143077,"遴選(VC),退縮(VA),讓(VL)","面對(VC),陌生(VI),躍然(VCL)","鼓勵(VF),高(VH),面對(VC)","談論(VE),談(VE),產生(VHC)","開始(VH),長久(VH),這樣(VH)","面對(VC),跳躍(VA),讓(VL)"
,,心急如焚,V,neg,{的},,,,1,,fear,,-3,-3,-2,-2.666666667,0.577350269,-0.689298011,,"決,計,(,V,E,)","阻攔(VC),複雜(VH),奔到(VCL)",,"歸,(,V,A,)","飢,渴,(,V,H,)"
,,如坐針氈,V,neg,{卻},,,,1,,fear,,-3,-3,-2,-2.666666667,0.577350269,-0.689298011,"挺,直,(,V,C,)","沒有(VJ),揣摩(VC)",,"東,張,西,望,(,V,A,)","驚魂動魄(VH),令(VL)","當,(,V,G,)"
,,心驚膽顫,V,neg,,,,,1,,{fear;surprise},,-3,-3,-2,-2.666666667,0.577350269,-0.689298011,,,,"開,始,(,V,L,)","叫,(,V,L,)",
,,驚駭,V,neg,{的},,,,1,,{fear;surprise},,-3,-3,-3,-3,0,-0.843143077,"嚇,人,(,V,H,)","請,(,V,F,)","試圖(VF),毀滅(VC),服用(VC)",,"讓(VL),潔淨(VH)",
,,懼怕,V,neg,"{懼怕,毀,怕,不再,孩子,它,但是,因,社會,去}",,,,1,,fear,,-3,-3,-2,-2.666666667,0.577350269,-0.689298011,"面對(VC),用(VC),甘之如飴(VH)","顫抖(VAC),親近(VC),毀(VC)","顯示(VK),關說(VC),錯(VH)","特別(VH),無(VJ),懂得(VK)","讓(VL),短暫(VH),畏縮(VH)","震(VAC),讓(VL),說(VE)"
,,恐怖,V,neg,"{賓拉登,叛國,九一一,史蒂芬金,航機,教義派,９１１,煽動,暴亂,奧薩瑪}",,,,1,,fear,,-2,-3,-2,-2.333333333,0.577350269,-0.535452945,"追(VC),襲擊(VC),籠罩(VH)","黑暗(VH),驚懼(VH),顛倒(VC)","髮指(VC),顛倒(VC),非(VG)","鼓勵(VF),顯示(VK),預防(VE)","黑暗(VH),體驗(VC),顫慄(VA)","驚險(VH),飛航(VA),面對(VC)"
,,反感,V,neg,"{引起,十分,令,感到,產生,心,孩子,對,認為,會}",,,,1,,anger,,-2,-3,-2,-2.333333333,0.577350269,-0.535452945,"與日高漲(VH),厭惡(VK)","輕(VH),謂(VE),說(VE)","阻礙(VC),轉頭(VA),說(VE)","表示(VE),產生(VHC),生(VC)","誤解(VK),聽(VE),激烈(VH)","造成(VG),讓(VL),易(VH)"
,,反感,N,neg,"{引起,十分,令,感到,產生,心,孩子,對,認為,會}",,,,1,,anger,,-2,-3,-2,-2.333333333,0.577350269,-0.535452945,"與日高漲(VH),厭惡(VK)","輕(VH),謂(VE),說(VE)","阻礙(VC),轉頭(VA),說(VE)","表示(VE),產生(VHC),生(VC)","誤解(VK),聽(VE),激烈(VH)","造成(VG),讓(VL),易(VH)"
,,生氣,V,neg,"{噗,小文,金邊,急躁,盎然,愛麗絲,女巫,可惡,生氣,假裝}",,,,1,,,"{反感,討厭,惱怒,浮躁,躁急,氣不過,焦躁,憤慨,嫌隙,厭煩,嫉妒,煩躁,嫌怨,敵視,氣惱,激憤,憂憤,嫌憎,嫌惡,觸怒,可惡,怨憤悵惘,悔恨,惱火,躁鬱,厭惡,悲憤,氣憤,忿怒,憤怒,震怒,盛怒,憤恨,痛恨,可憎,痛惡,可恨,怨恨,憎惡,狂悲,暴怒,憎恨}",-3,-3,-3,-3,0,-0.843143077,"通天(VH),走(VA),說(VE)","願不願意(VK),非(VG),難過(VK)","頂嘴(VB),離開(VC),隱忍(VJ)","露出(VC),轉為(VG),覺得(VK)","高興(VK),顯得(VK),難過(VK)","養(VC),顯(VK),開始(VL)"
,,生氣_1,N,pos,,,,,1,,,,1,-3,-3,-1.666666667,2.309401077,-0.227762813,,,,,,
,,討厭,V,neg,"{苦瓜,討厭,稀飯,厭惡,麻煩,人家,罵,妹妹,人人,本來}",,,,2,,anger,,-3,-3,-3,-3,0,-0.843143077,"關上(VC),遲到(VH),違紀(VH)","高尚(VH),闖入(VCL),蔑視(VJ)","體驗(VC)[+nom],追求(VC),起來(VA)","麻煩(VHC),露出(VC),開始(VL)","開朗(VH),送給(VD),讓(VL)","麻煩(VHC),違紀(VH),跳舞(VA)"
,,浮躁,V,neg,"{情緒,而,人,我,的}",,,,1,,anger,,-2,-2,-2,-2,0,-0.381607879,"難,安,(,V,H,)","西化(VH),做(VC),假(VH)","穩定(VHC),勇敢(VH)","聰明(VH),略帶(VC),吹散(VC)","陰魂不散(VH),興奮(VH),撫平(VC)","輕輕(VH),產(VC),愉快(VH)"
,,躁急,V,neg,,,,,1,,anger,,-2,-2,-1,-1.666666667,0.577350269,-0.227762813,"無,助,(,V,H,)",,,,"深,愛,(,V,J,)","面,對,(,V,C,)"
,,氣不過,V,neg,"{才,說,他,是,的}",,,,1,,anger,,-3,-2,-3,-2.666666667,0.577350269,-0.689298011,"乾,脆,(,V,H,)","轉讓(VD),說話(VA),說(VE)","過來(VA),毫無(VJ),指(VG)",,,"表示(VE),最好(VH),圍毆(VC)"
,,焦躁,V,neg,"{不安,地,時,與,中,就,我,不,的}",,,,1,,anger,,-3,-2,-2,-2.333333333,0.577350269,-0.535452945,"感到(VK),不滿(VK),不已(VH)","覺得(VK),自卑(VH),笨拙(VH)","說(VE),自憐(VH),朦朧(VH)","顯得(VK),煩悶(VH),感到(VK)","顯得(VK),開始(VL),適切(VH)","心悸(VI),心力交瘁(VH),塞車(VH)"
,,憤慨,V,neg,"{們,指出,事,地,表示,說,和,之,他}",,,,1,,anger,,-3,-3,-3,-3,0,-0.843143077,"悔恨(VK),回國(VA)","說(VE),表示(VE),支持(VC)","醞釀(VF),說(VE),聽到(VE)","表示(VE),表(VE),痛心(VK)","深(VH),挑釁(VB),引(VL)","表現(VC),無罪(VH),引起(VC)"
,,嫌隙,V,neg,{的},,,,1,,anger,,-3,-2,-2,-2.333333333,0.577350269,-0.535452945,,"齟齬(VA),長遠(VH),微妙(VH)",,,"發,生,(,V,J,)","清,楚,(,V,H,),[,+,v,r,r,]"
,,厭煩,V,neg,"{不耐,感到,覺得,令,其實,不會,使,所以,很,得}",,,,1,,anger,,-3,-3,-2,-2.666666667,0.577350269,-0.689298011,"接收(VC),不耐(VJ)","相反(VH),故意(VL),慢慢(VH)","顯現(VH),限制(VE),鍾情(VI)","露出(VC),覺得(VK),產生(VHC)","輕浮(VH),覺得(VK),看(VC)","重建(VC),輪替(VA),讓(VL)"
,,嫉妒,V,neg,"{嫉妒,羨慕,激動,恨,成就,情緒,別人,令,引起,心}",,,,1,,anger,,-3,-3,-3,-3,0,-0.843143077,"那樣(VH),讓(VL),為(VG)","進(VC),變形(VH),看(VC)","轉成(VG),轉化為(VG),變成(VG)","開始(VL),讓(VL),覺得(VK)","遭到(VJ),貪心(VH),貪婪(VH)","處理(VC),羡慕(VJ),知道(VK)"
,,煩躁,V,neg,"{不安,情緒,心情,很,沒有,人,他,個,一}",,,,1,,anger,,-2,-3,-2,-2.333333333,0.577350269,-0.535452945,"鬱悶(VH),鬱卒(VH),難眠(VA)","頭痛(VH),重複(VC),說(VE)","難(VH),看到(VE),無趣(VH)","處在(VJ),產生(VHC),憂鬱(VH)","高(VH),陷於(VJ),貧乏(VH)","露出(VC),逃避(VC),讓(VL)"
,,嫌怨,V,neg,,,,,1,,anger,,-2,-2,-3,-2.333333333,0.577350269,-0.535452945,,,,,,
,,敵視,V,neg,"{對,與,這,的}",,,,1,,anger,,-3,-3,-3,-3,0,-0.843143077,"多,聞,(,V,H,)","過分(VH),恐慌(VH)","批評(VC),打聽出(VE),合作(VH)","採,取,(,V,C,)","排斥(VC),抱(VJ),強大(VH)","激,烈,(,V,H,)"
,,氣惱,V,neg,{的},,,,1,,anger,,-3,-2,-3,-2.666666667,0.577350269,-0.689298011,"成(VG),不堪(VK)","特,別,(,V,H,)","消,(,V,H,)",,"讓(VL),恐懼(VK),令(VL)",
,,激憤,V,neg,"{情,那,之,的}",,,,1,,anger,,-3,-3,-3,-3,0,-0.843143077,"扯住(VC),壯烈(VH)","茫然(VH),白(VH),批評(VC)","改口(VA),修憲(VA),不知所措(VH)","有,(,V,_,2,)","產生(VHC),反(VC),傷感(VH)","輿論譁然(VH),惹得(VL)"
,,嫌憎,V,neg,,,,,1,,anger,,-3,-2,-3,-2.666666667,0.577350269,-0.689298011,,"順,從,(,V,J,)",,,"體,貼,(,V,J,)",
,,嫌惡,V,neg,"{看,地,著,或,她,我,他,是}",,,,1,,anger,,-3,-2,-3,-2.666666667,0.577350269,-0.689298011,"不,安,(,V,H,)","黑(VH),遠遠(VH),說(VE)","繞過(VCL),搓揉(VC)","露出(VC),表示(VE),流露出(VJ)","討厭(VK),給(VD),叫(VL)","露出(VC),虛應故事(VA),瞭解(VK)"
,,觸怒,V,neg,{了},,,,1,,anger,,-3,-3,-2,-2.666666667,0.577350269,-0.689298011,,,"帶,來,(,V,C,)","等於(VG),峻拒(VF)",,"寂寥(VH),吃(VC),下台(VA)"
,,可惡,V,neg,"{巫師,劍,生氣,真,實在,隻,小朋友,人類,太,男人}",,,,1,,anger,,-3,-3,-2,-2.666666667,0.577350269,-0.689298011,,"頭痛(VH),這麼(VH),踢去(VB)","身不由己(VH),變態(VH),絆倒(VC)","看到(VE),攻擊(VC),去(VCL)","鎖(VC),過去(VA),轉(VAC)","開口(VA),遇上(VC),這樣(VH)"
,,怨憤悵惘,V,neg,,,,,1,,anger,,-3,-3,-2,-2.666666667,0.577350269,-0.689298011,,,,,,
,,悔恨,V,neg,"{事,卻,自己,讓,地,她,與,人,中}",,,,1,,anger,,-3,-3,-3,-3,0,-0.843143077,"難過(VK),荒謬(VH),自責(VA)","驚喜(VH),遺憾(VK),說(VE)","表示(VE),衝動(VH),給(VD)","談(VE),深感(VK),憤慨(VH)","難堪(VH),陷落(VA),讓(VL)","陷入(VCL),阻止(VC),衝動(VH)"
,,惱火,V,neg,"{最,他,這,是,的}",,,,1,,anger,,-3,-3,-2,-2.666666667,0.577350269,-0.689298011,,"吵,(,V,C,)",,,"讓(VL),令(VL)",
,,躁鬱,V,neg,,,,,1,,anger,,-3,-3,-2,-2.666666667,0.577350269,-0.689298011,,,,,"焦,慮,(,V,H,)",
,,厭惡,V,neg,"{看透,厭惡,極端,討厭,表情,感到,戰爭,十分,人們,感覺}",,,,1,,anger,,-3,-3,-2,-2.666666667,0.577350269,-0.689298011,"食(VC),逢迎(VC),貧窮(VH)","避(VC),貪婪(VH),講話(VA)","類似(VG),說(VE),處(VCL)","顯得(VK),露出(VC),開始(VL)","進步(VH),迷惘(VH),讓(VL)","長大(VH),近乎(VG),資深(VH)"
,,氣憤,V,neg,"{不平,不已,感到,令,十分,非常,發生,心,地,把}",,,,1,,anger,,-3,-3,-3,-3,0,-0.843143077,"點火(VA),難(VH),表示(VE)","難過(VK),辛辛苦苦(VH),跑去(VCL)","難過(VK),連(VJ),賺來(VC)","衝動(VH),現出(VC),深表(VE)","進出(VCL),無奈(VH),滿足(VHC)","鬱悶(VH),頂撞(VC),質詢(VE)"
,,忿怒,V,neg,"{他,我,不,有個,的}",,,,1,,anger,,-3,-3,-3,-3,0,-0.843143077,"踹(VC),壓抑住(VC)","責天籲眾(VA),生氣(VH),無助(VH)","神經質(VH),狹窄(VH),在(VCL)","覺得(VK),有(V_2),平息(VC)","迷惑(VH),說(VE),生氣(VH)","變成(VG),表達出來(VB),抗日(VA)"
,,憤怒,V,neg,"{屈原,憂傷,仇恨,憤怒,腦袋,焦慮,爆發,挫折,中國人,無奈}",,,,1,,anger,,-3,-3,-2,-2.666666667,0.577350269,-0.689298011,"難安(VH),難(VH),鄙夷(VJ)","黑(VH),飢餓(VH),難過(VK)","鮮明(VH),鬥(VC)[+vrv],顫抖(VAC)","陷入(VCL),近乎(VG),轉換成(VG)","飢餓(VH),頡頏(VH),震驚(VHC)","飽(VH),遷怒(VC),遇(VK)"
,,震怒,V,neg,"{大為,非常,後,他,在,的}",,,,1,,anger,,-3,-3,-3,-3,0,-0.843143077,"指,示,(,V,E,)","迅速(VH),認為(VE),揚言(VE)","飽受(VJ),變成(VG),緝兇(VA)","表(VE),大表(VE)","導致(VL),吃(VC)","飾(VC),獲知(VK),得知(VK)"
,,盛怒,V,neg,"{之下,父親,中,在,的}",,,,1,,anger,,-3,-3,-3,-3,0,-0.843143077,"難,當,(,V,H,)","顯得(VK),會同(VC)","送給(VD),追殺(VC),橫渡(VCL)","表達(VC),撥開(VC),打斷(VC)","躲避(VC),敢(VL),噤若寒蟬(VH)","通紅(VH),發生(VJ),告密(VB)"
,,憤恨,V,neg,"{將,他,也,不,了,在,的}",,,,1,,anger,,-3,-3,-3,-3,0,-0.843143077,"難平(VH),沒有(VJ),到(VCL)","說(VE),瞪(VC),恐懼(VK)","狠力(VH),特別(VH),快(VH)","覺,得,(,V,K,)","舌吻(VC),悲傷(VH),平等(VH)","相擁(VA),有(V_2),抽出來(VB)"
,,痛恨,V,neg,"{虛偽,感到,可是,這樣,自己,最,她,位,種,被}",,,,1,,anger,,-3,-3,-3,-3,0,-0.843143077,"這樣(VH),貪污(VA),老(VH)","該死(VH),衝進(VCL),虛偽(VH)","貧乏(VH),負心(VH),談(VE)","特別(VH),深惡(VJ),感到(VK)","落得(VK),自卑(VH),畏懼(VK)","鐘愛(VL),讓(VL),詛咒(VC)"
,,可憎,V,neg,"{是,的}",,,,1,,anger,,-3,-3,-3,-3,0,-0.843143077,"可,恨,(,V,H,)",,"無味(VH),易(VH)","陋(VH),專橫(VH)","黑(VH),作(VC)","讀,書,(,V,A,)"
,,痛惡,V,neg,,,,,1,,anger,,-3,-3,-3,-3,0,-0.843143077,,,,,,
,,可恨,V,neg,"{可惜,最,我,了,是,他,這,的}",,,,1,,anger,,-3,-3,-3,-3,0,-0.843143077,,"可,怕,(,V,H,)","甘願(VL),無(VJ),殘忍(VH)","可憎(VH),可恥(VH),可嘆(VE)","繪圖(VA),築巢(VA),無奈(VH)","變(VG),知道(VK),有(V_2)"
,,怨恨,V,neg,"{怨恨,無情,化解,充滿,先生,心,還是,想,她,自己}",,,,1,,anger,,-3,-3,-3,-3,0,-0.843143077,"變(VH),教給(VD),憤懟(VH)","造就(VC),說(VE),處理(VC)","難(VH),長久(VH),過河拆橋(VA)","陷入(VCL),轉移(VD),生(VC)","開始(VL),種下(VC),猜忌(VJ)","難(VH),表示(VE),自私(VH)"
,,憎惡,V,neg,"{令,所,人,了,的}",,,,1,,anger,,-3,-3,-3,-3,0,-0.843143077,,"深(VH),捨(VC),加倍(VH)","離(VC),如同(VG),吸(VC)",,"歧視(VJ),引發(VC),令(VL)","行(VC),對立(VH)"
,,狂悲,V,neg,,,,,1,,anger,,-3,-3,-3,-3,0,-0.843143077,,,,,,
,,暴怒,V,neg,,,,,1,,anger,,-3,-3,-3,-3,0,-0.843143077,,,"迎,(,V,C,)","吃,醋,(,V,H,)","嚷,(,V,E,)","嘶,(,V,A,)"
,,憎恨,V,neg,"{傷痛,漢人,自己,你,但,我,沒有,對,她,也}",,,,1,,anger,,-3,-3,-3,-3,0,-0.843143077,"如,(,V,G,)","瞪(VC),消失(VA),決堤(VH)","見(VE),死纏(VC),播下(VC)","露(VC),這樣(VH),轉成(VG)","遭到(VJ),變成(VG),萌生(VJ)","觀察(VE),覺(VK),表示(VE)"
,,驚嚇,V,neg,"{飽受,之餘,受到,過度,牠,受,容易,看到,被,使}",,,,1,,surprise,,-2,-3,-1,-2,1,-0.381607879,"悲傷(VH),到(VJ),使(VL)","魂飛魄散(VH),飢寒交迫(VH),避免(VE)","高達(VJ),驚(VHC),餵食(VC)","飽受(VJ),受到(VJ)","高級(VH),陳情(VF),迷惘(VH)","高(VH)[+nom],電擊(VC),防止(VE)"
,,思念,V,neu,"{愛慕,日夜,貞觀,親人,暴露,故鄉,時光,念,痛苦,苦}",,,,1,,,,0,-1,-1,-0.666666667,0.577350269,0.233772386,"遇上(VC),轉化成(VG),煮成(VG)","開始(VL),讓(VL),謂(VE)","離開(VC),輪迴(VH),載(VC)","開(VC)[+vrr],讓(VL),說(VE)","遠(VH),遊戲(VA),轉(VC)","離別(VB),辛酸(VH),走出(VCL)"
,,傷心,V,neg,"{流下,哭,大哭,哭泣,傷心,眼淚,淚,失望,姑娘,之餘}",,,,1,,sadness,,-3,-3,-2,-2.666666667,0.577350269,-0.689298011,"難過(VK),難抑(VC),難受(VH)","鬱鬱寡歡(VH),需要(VK),錐心刺骨(VH)","高興(VK),離開(VC),過(VCL)","費神(VH),講(VE),覺得(VK)","逝(VH),讓(VL),請(VF)","高興(VK),養(VC),願(VK)"
,,殷憂,V,neg,,,,,1,,fear,,-2,-3,-2,-2.333333333,0.577350269,-0.535452945,,,,,,
,,掛念,V,neu,"{種,著,你,了,是,一,的}",,,,1,,,,0,-2,-1,-1,1,0.07992732,"營,謀,(,V,C,)","這樣(VH),死去(VH),晾(VC)","而,是,(,V,G,)",,"結束(VHC),同樣(VH)","訪(VC),留戀(VJ)"
,,平靜,V,neu,"{歸於,如昔,黛絲,回復,安詳,水面,海面,小鎮,看似,語氣}",,,,1,,,,0,0,0,0,0,0.541462518,"關切(VJ)[+nom],輕鬆(VH),躺(VA)","風光明媚(VH),離開(VC),開門(VA)","鬆弛(VHC),飛(VA),違反(VJ)","鬆弛(VHC),顯得(VK),這樣子(VH)","飄浮(VA),顯得(VK),難得(VH)","顯得(VK),需要(VK),雞犬相聞(VH)"
,,害羞,V,neu,"{老實人,內向,個性,有點,顯得,女孩,不管,笑,敢}",,,,1,,,,0,1,-1,0,1,0.541462518,"靦腆(VH),退怯(VH),躲藏(VA)","點頭(VA),迅速(VH),說(VE)","騎(VC),願(VK),邀(VF)","顯得(VK),轉化(VC),猶豫(VK)","高興(VK),顯得(VK),配對(VA)","逗弄(VC),辨認(VC),讓(VL)"
,,急躁,V,neu,"{冒進,生氣,一點,結果,自己,會,就}",,,,1,,,,-1,-2,-2,-1.666666667,0.577350269,-0.227762813,"生氣(VH),出現(VH),冒進(VA)","說(VE),留(VC),急躁(VH)","衝動(VH),種(VC),浮誇(VH)","鼓勵(VF),顯(VK),避免(VE)","逼人太甚(VH),變(VH),自負(VH)","遇到(VC),進食(VA),發現(VE)"
,,牽掛,V,neu,"{心,走,只要,不要,想,無法,讓,裡,最}",,,,1,,,,0,-2,-2,-1.333333333,1.154700538,-0.073917747,"擔,心,(,V,K,)","轉為(VG),認為(VE),牽(VC)[+vrv]","降為(VG),聽(VE),盲從(VJ)","無(VJ),有(V_2),全無(VJ)","讓(VL),納悶(VK),放心不下(VJ)","走(VA),讓(VL),活(VH)"
,,望穿秋水,V,neu,,,,,1,,,,1,-1,-3,-1,2,0.07992732,,"等,待,(,V,K,)",,,,
,,平淡,V,neu,"{歸於,相識,樂趣,之前,自然,生活,還是,地,很,從}",,,,1,,,,0,0,0,0,0,0.541462518,"無(VJ),如常(VH),天真(VH)","點頭(VA),預期(VE),道(VE)","肯定(VK),綺麗(VH),睡到(VCL)","面對(VC),趨(VL),走入(VCL)","靜謐(VH),覺得(VK),若即若離(VH)","類似(VG),說(VE),落得(VK)"
,,貪戀,V,neu,"{而,是,的}",,,,1,,,,0,-1,-2,-1,1,0.07992732,,,"無(VJ),捨不得(VL),嬉戲(VA)","顧,不,得,(,V,J,)","過人(VH),無可救藥(VH)","說(VE),置(VC),有(V_2)"
,,意欲,V,neu,"{表現,對於,種,地,所,來,而,與,的}",,,,1,,,,0,-1,-2,-1,1,0.07992732,"邁向(VCL),達成(VC),造作(VH)","說(VE),明說(VA),描述(VC)","為非作歹(VA),成(VG),如此(VH)","起身(VA),生存(VH),愛著(VH)","積極(VH),無所不用其極(VH),為(VG)","進行(VC),贊美(VC),相同(VH)"
,,恐慌,V,neg,"{無謂,搶購,引發,引起,投資人,民眾,心理,造成,再度,股市}",,,,1,,fear,,-3,-3,-3,-3,0,-0.843143077,"研究(VE),發作(VH),無助(VH)","說(VE),著名(VH),發生(VJ)","顯示(VK),重要(VH),重演(VC)","需要(VK),陷入(VCL),造成(VK)","造成(VK),造成(VG),覺得(VK)","預估(VE),震驚(VHC),造成(VK)"
,,難過,V,neg,"{有一點點,榕樹,難過,流下,極了,眼淚,悲哀,哭,傷心,感到}",,,,3,,sadness,,-3,-2,-2,-2.333333333,0.577350269,-0.535452945,"需要(VK),過(VCL),跑回(VCL)","高興(VK),難過(VK),遺憾(VK)","難過(VK),開始(VL),開(VC)","這樣子(VH),覺得(VK),狼狽(VH)","高興(VK),驚訝(VK),難過(VK)","餓(VH),難過(VK),開始(VL)"
,,歡樂,,,,,,,,,happiness,,3,3,2,2.666666667,0.577350269,1.772223047,"響噹噹(VH),達到(VJ),過(VCL)","高唱(VC),颺然(VH),青春(VH)","鬧累(VH),重要(VH),重溫(VJ)","露出(VC),製造(VC),缺乏(VJ)","高昂(VH),驚心動魄(VH),驚奇(VK)","鮮美(VH),集會(VA),陶醉(VH)"
,,興高采烈,,,,,,,,,happiness,,3,3,3,3,0,1.926068113,"遊戲(VA),談(VE),拿(VC)","開口(VA),議論(VE),談論(VE)","鼓勵(VF),迷醉(VJ),贊成(VK)","顯得(VK),妝點(VC)","跳(VA),說(VE),穿越(VCL)","讓(VL),讀出(VC),著迷(VI)"
,,不滿,,,,,,,,,anger,,-2,-2,-2,-2,0,-0.381607879,"顯得(VK),集中(VC),道(VE)","鬱悶(VH),高級(VH),順手(VH)","鼓勵(VF),高喊(VE),開始(VL)","鬱悶(VH),開始(VL),邀請(VC)","高(VH),降低(VHC),開戰(VB)","順從(VJ),開車(VA),開始(VL)"
,,憤懣,,,,,,,,,anger,,-3,-3,-3,-3,0,-0.843143077,"投,射,(,V,C,)","遠渡重洋(VA),為(VG),悲怒(VH)","隱忍(VJ),無奈(VH),執政(VA)","露,(,V,C,)","悲愴(VH),孤獨(VH),住(VJ)[+vrr]","縱有(VJ),抒發(VC),奮鬥(VA)"
,,窩火,,,,,,,,,anger,,-3,-3,-2,-2.666666667,0.577350269,-0.689298011,,,,,,
,,恨之入骨,,,,,,,,,anger,,-3,-3,-3,-3,0,-0.843143077,,,"成,群,(,V,H,)","特,別,(,V,H,)",,
,,義憤填膺,,,,,,,,,anger,,-3,-3,-3,-3,0,-0.843143077,,"讓(VL),表示(VE),斷(VHC)","激昂(VH),氣(VK),暴起(VH)","有,(,V,_,2,)","讀(VC),站起來(VA),令(VL)","質詢(VE),變(VG),平等(VH)"
,,怒氣沖天,,,,,,,,,anger,,-3,-3,-3,-3,0,-0.843143077,,,,,,
,,難受,,,,,,,,,sadness,,-2,-2,-2,-2,0,-0.381607879,,"難受(VH),關注(VJ),說(VE)[+vrv]","說(VE),自認(VE),無(VJ)","覺得(VK),傷心(VH),一樣(VH)","難受(VH),鑽動(VA),說(VE)","餓(VH),讓(VL),打胎(VA)"
,,消沉,,,,,,,,,sadness,,-1,-2,-2,-1.666666667,0.577350269,-0.227762813,,"有效(VH),拒絕(VF),低回(VH)","造,成,(,V,K,)","意,氣,(,V,H,)","漠然(VH),失望(VH)","表,現,出,(,V,C,)"
,,灰心喪氣,,,,,,,,,sadness,,-2,-3,-3,-2.666666667,0.577350269,-0.689298011,,,,,,
,,悲淒,,,,,,,,,sadness,,-3,-3,-3,-3,0,-0.843143077,,"遙,遠,(,V,H,)",,,,
,,悶悶不樂,,,,,,,,,sadness,,-2,-3,-2,-2.333333333,0.577350269,-0.535452945,,"鬱鬱(VH),跑出去(VA),睡(VA)","說(VE),沒(VJ),寡(VH)","顯出(VK),開始(VL),感到(VK)","讓(VL),使(VL)","發,現,(,V,E,)"
,,悲痛欲絕,,,,,,,,,sadness,,-3,-3,-3,-3,0,-0.843143077,,,,,"降落(VA),回報(VC)","崇,拜,(,V,J,)"
,,欲哭無淚,,,,,,,,,sadness,,-3,-2,-3,-2.666666667,0.577350269,-0.689298011,,,"有,(,V,_,2,)",,,
,,提心吊膽,,,,,,,,,fear,,-2,-3,-2,-2.333333333,0.577350269,-0.535452945,"過,日,子,(,V,A,)","追(VC),等待(VK),笨重(VH)","進(VC),辛苦(VHC),知道(VK)",,"過(VCL),讓(VL),歇斯底里(VH)","這樣(VH),走路(VA),考試(VA)"
,,疑懼,,,,,,,,,fear,,-1,-3,-2,-2,1,-0.381607879,"防,備,(,V,E,),[,+,n,o,m,]","見(VE),失和(VH),協調(VC)","擔心(VK),想起(VE),剝奪(VC)","產生(VHC),生(VC),深懷(VJ)","興訟(VA),生活(VA),瓦解(VH)","醫療(VC),廣大(VH)"
,,不寒而慄,,,,,,,,,fear,,-3,-3,-3,-3,0,-0.843143077,,"鬧,鬼,(,V,H,)","看(VC),位於(VCL)",,"讓(VL),感到(VK),叫(VL)","透,出,(,V,J,)"
,,望而生畏,,,,,,,,,fear,,-2,-2,-3,-2.333333333,0.577350269,-0.535452945,,"退,避,三,舍,(,V,A,)","大,(,V,H,)",,"讓(VL),令(VL)",
,,大吃一驚,,,,,,,,,surprise,,-2,-1,-3,-2,1,-0.381607879,"曰,(,V,E,)","新(VH),擁有(VJ),感覺(VK)","醒過來(VH),詰問(VE),解釋(VE)","不,覺,(,V,K,)","讓(VL),聽(VE),經營(VC)","迫近(VCL),躺(VA),處理(VC)"
,,震驚,,,,,,,,,surprise,,-3,-2,-3,-2.666666667,0.577350269,-0.689298011,"哭(VA),哀悼(VJ),不已(VH)","默然(VH),錯愕(VH),超強(VH)","顯示(VK),遺憾(VK),觀光(VA)","表(VE),深感(VK),有(V_2)","顯得(VK),開幕(VH),錯愕(VH)","革命(VA),隱藏(VC),陷入(VCL)"
,,驚異,,,,,,,,,surprise,,-2,-2,-2,-2,0,-0.381607879,"表現(VC),莫名(VH),替代(VJ)","道(VE),質疑(VE),說(VE)[+vrv]","目睹(VE),深怕(VK),流淚(VA)","蘊含(VJ),毫無(VJ),射出(VC)","讚嘆(VE),竟是(VG),現代(VH)","走去(VA),讓(VL),看書(VA)"
,,驚,,,,,,,,,surprise,,-1,-2,0,-1,1,0.07992732,"飛(VA),非同小可(VH),醒覺(VH)","魂飛魄散(VH),非同小可(VH),險(VH)","跳下(VCL),跪(VA),走(VA)","豔(VH),落筆(VA),無(VJ)","見(VE),製作(VC),艱難(VH)","體會(VK),驚嚇(VC),響起(VH)"
,,出乎意料,,,,,,,,,surprise,,0,0,1,0.333333333,0.577350269,0.695307584,"超過(VJ),發生(VJ)","飽(VH),難纏(VH),打敗(VC)","順利(VH),輔導(VC),嚼(VC)","遇到(VC),竟是(VG),發展(VC)","說到(VE),發生(VJ),當紅(VH)","醉(VH),超現實(VH),聞(VC)"
,,驚嘆,,,,,,,,,surprise,,1,2,1,1.333333333,0.577350269,1.156842783,"連連(VH),不已(VH)","認為(VE),融進(VCL),融合(VC)","餓(VH),這樣(VH),談到(VE)","發出(VC),拍案(VA),忘神(VH)","驚喜(VH),過人(VH),起(VJ)","讓(VL),濺起(VC),投出(VC)"
,,感覺,,,,,,,,,others,,0,0,0,0,0,0.541462518,"黯淡(VH),麻木(VH),高興(VK)","黑漆漆(VH),麻癢(VH),麻木(VH)","鮮活(VH),鬆(VHC),體驗(VC)","鬆軟(VH),飢餓(VH),顫抖(VAC)","鬆弛(VHC),高貴(VH),體驗(VC)","黑(VH),黏黏(VH),體認(VK)"
,,感到,,,,,,,,,others,,0,0,0,0,0,0.541462518,"齒冷(VH),鼓舞(VC),麻煩(VHC)","麻煩(VHC),麻(VH),高興(VK)","麻痺(VH),高興(VK),高尚(VH)","黨同伐異(VA),顯著(VH),革命(VA)","鹵莽(VH),高昂(VH),高(VH)","默默無言(VH),默然不語(VH),鬧(VC)"